SPEA2,GroupPointCrossover,DynamicBitFlipMutation,RunNum=1,117.31
SPEA2,GroupPointCrossover,DynamicBitFlipMutation,RunNum=2,129.67
SPEA2,GroupPointCrossover,DynamicBitFlipMutation,RunNum=3,111.11
SPEA2,GroupPointCrossover,DynamicBitFlipMutation,RunNum=4,132.76
SPEA2,GroupPointCrossover,DynamicBitFlipMutation,RunNum=5,177.85
SPEA2,GroupPointCrossover,DynamicBitFlipMutation,RunNum=6,138.51
SPEA2,GroupPointCrossover,DynamicBitFlipMutation,RunNum=7,119.56
SPEA2,GroupPointCrossover,DynamicBitFlipMutation,RunNum=8,128.36
SPEA2,GroupPointCrossover,DynamicBitFlipMutation,RunNum=9,121.01
SPEA2,GroupPointCrossover,DynamicBitFlipMutation,RunNum=10,122.76
SPEA2,GroupPointCrossover,InterchangingMutation,RunNum=1,NaN
SPEA2,GroupPointCrossover,InterchangingMutation,RunNum=2,NaN
SPEA2,GroupPointCrossover,InterchangingMutation,RunNum=3,NaN
SPEA2,GroupPointCrossover,InterchangingMutation,RunNum=4,NaN
SPEA2,GroupPointCrossover,InterchangingMutation,RunNum=5,NaN
SPEA2,GroupPointCrossover,InterchangingMutation,RunNum=6,NaN
SPEA2,GroupPointCrossover,InterchangingMutation,RunNum=7,NaN
SPEA2,GroupPointCrossover,InterchangingMutation,RunNum=8,NaN
SPEA2,GroupPointCrossover,InterchangingMutation,RunNum=9,NaN
SPEA2,GroupPointCrossover,InterchangingMutation,RunNum=10,NaN
SPEA2,GroupPointCrossover,OneBitFlipMutation,RunNum=1,NaN
SPEA2,GroupPointCrossover,OneBitFlipMutation,RunNum=2,NaN
SPEA2,GroupPointCrossover,OneBitFlipMutation,RunNum=3,NaN
SPEA2,GroupPointCrossover,OneBitFlipMutation,RunNum=4,NaN
SPEA2,GroupPointCrossover,OneBitFlipMutation,RunNum=5,NaN
SPEA2,GroupPointCrossover,OneBitFlipMutation,RunNum=6,277.9
SPEA2,GroupPointCrossover,OneBitFlipMutation,RunNum=7,245.11
SPEA2,GroupPointCrossover,OneBitFlipMutation,RunNum=8,NaN
SPEA2,GroupPointCrossover,OneBitFlipMutation,RunNum=9,NaN
SPEA2,GroupPointCrossover,OneBitFlipMutation,RunNum=10,NaN
SPEA2,GroupPointCrossover,GreedyMutation,RunNum=1,NaN
SPEA2,GroupPointCrossover,GreedyMutation,RunNum=2,NaN
SPEA2,GroupPointCrossover,GreedyMutation,RunNum=3,NaN
SPEA2,GroupPointCrossover,GreedyMutation,RunNum=4,NaN
SPEA2,GroupPointCrossover,GreedyMutation,RunNum=5,NaN
SPEA2,GroupPointCrossover,GreedyMutation,RunNum=6,NaN
SPEA2,GroupPointCrossover,GreedyMutation,RunNum=7,NaN
SPEA2,GroupPointCrossover,GreedyMutation,RunNum=8,NaN
SPEA2,GroupPointCrossover,GreedyMutation,RunNum=9,NaN
SPEA2,GroupPointCrossover,GreedyMutation,RunNum=10,NaN
SPEA2,GroupPointCrossover,ReversingMutation,RunNum=1,NaN
SPEA2,GroupPointCrossover,ReversingMutation,RunNum=2,NaN
SPEA2,GroupPointCrossover,ReversingMutation,RunNum=3,NaN
SPEA2,GroupPointCrossover,ReversingMutation,RunNum=4,203.27
SPEA2,GroupPointCrossover,ReversingMutation,RunNum=5,NaN
SPEA2,GroupPointCrossover,ReversingMutation,RunNum=6,221.47
SPEA2,GroupPointCrossover,ReversingMutation,RunNum=7,190.29
SPEA2,GroupPointCrossover,ReversingMutation,RunNum=8,NaN
SPEA2,GroupPointCrossover,ReversingMutation,RunNum=9,180.52
SPEA2,GroupPointCrossover,ReversingMutation,RunNum=10,NaN
SPEA2,GroupPointCrossover,BitFlipMutation,RunNum=1,NaN
SPEA2,GroupPointCrossover,BitFlipMutation,RunNum=2,NaN
SPEA2,GroupPointCrossover,BitFlipMutation,RunNum=3,NaN
SPEA2,GroupPointCrossover,BitFlipMutation,RunNum=4,NaN
SPEA2,GroupPointCrossover,BitFlipMutation,RunNum=5,NaN
SPEA2,GroupPointCrossover,BitFlipMutation,RunNum=6,NaN
SPEA2,GroupPointCrossover,BitFlipMutation,RunNum=7,196.61
SPEA2,GroupPointCrossover,BitFlipMutation,RunNum=8,NaN
SPEA2,GroupPointCrossover,BitFlipMutation,RunNum=9,NaN
SPEA2,GroupPointCrossover,BitFlipMutation,RunNum=10,NaN
SPEA2,SinglePointCrossover,DynamicBitFlipMutation,RunNum=1,148.56
SPEA2,SinglePointCrossover,DynamicBitFlipMutation,RunNum=2,121.87
SPEA2,SinglePointCrossover,DynamicBitFlipMutation,RunNum=3,119.43
SPEA2,SinglePointCrossover,DynamicBitFlipMutation,RunNum=4,112.65
SPEA2,SinglePointCrossover,DynamicBitFlipMutation,RunNum=5,113.95
SPEA2,SinglePointCrossover,DynamicBitFlipMutation,RunNum=6,145.79
SPEA2,SinglePointCrossover,DynamicBitFlipMutation,RunNum=7,143.28
SPEA2,SinglePointCrossover,DynamicBitFlipMutation,RunNum=8,105.17
SPEA2,SinglePointCrossover,DynamicBitFlipMutation,RunNum=9,87.69
SPEA2,SinglePointCrossover,DynamicBitFlipMutation,RunNum=10,103.44
SPEA2,SinglePointCrossover,InterchangingMutation,RunNum=1,243.65
SPEA2,SinglePointCrossover,InterchangingMutation,RunNum=2,211.28
SPEA2,SinglePointCrossover,InterchangingMutation,RunNum=3,NaN
SPEA2,SinglePointCrossover,InterchangingMutation,RunNum=4,NaN
SPEA2,SinglePointCrossover,InterchangingMutation,RunNum=5,NaN
SPEA2,SinglePointCrossover,InterchangingMutation,RunNum=6,NaN
SPEA2,SinglePointCrossover,InterchangingMutation,RunNum=7,NaN
SPEA2,SinglePointCrossover,InterchangingMutation,RunNum=8,NaN
SPEA2,SinglePointCrossover,InterchangingMutation,RunNum=9,NaN
SPEA2,SinglePointCrossover,InterchangingMutation,RunNum=10,NaN
SPEA2,SinglePointCrossover,OneBitFlipMutation,RunNum=1,178.13
SPEA2,SinglePointCrossover,OneBitFlipMutation,RunNum=2,181.03
SPEA2,SinglePointCrossover,OneBitFlipMutation,RunNum=3,247.9
SPEA2,SinglePointCrossover,OneBitFlipMutation,RunNum=4,149.17
SPEA2,SinglePointCrossover,OneBitFlipMutation,RunNum=5,83.03
SPEA2,SinglePointCrossover,OneBitFlipMutation,RunNum=6,188.78
SPEA2,SinglePointCrossover,OneBitFlipMutation,RunNum=7,NaN
SPEA2,SinglePointCrossover,OneBitFlipMutation,RunNum=8,205.91
SPEA2,SinglePointCrossover,OneBitFlipMutation,RunNum=9,207.6
SPEA2,SinglePointCrossover,OneBitFlipMutation,RunNum=10,155.34
SPEA2,SinglePointCrossover,GreedyMutation,RunNum=1,NaN
SPEA2,SinglePointCrossover,GreedyMutation,RunNum=2,NaN
SPEA2,SinglePointCrossover,GreedyMutation,RunNum=3,NaN
SPEA2,SinglePointCrossover,GreedyMutation,RunNum=4,NaN
SPEA2,SinglePointCrossover,GreedyMutation,RunNum=5,NaN
SPEA2,SinglePointCrossover,GreedyMutation,RunNum=6,NaN
SPEA2,SinglePointCrossover,GreedyMutation,RunNum=7,NaN
SPEA2,SinglePointCrossover,GreedyMutation,RunNum=8,NaN
SPEA2,SinglePointCrossover,GreedyMutation,RunNum=9,NaN
SPEA2,SinglePointCrossover,GreedyMutation,RunNum=10,NaN
SPEA2,SinglePointCrossover,ReversingMutation,RunNum=1,141.74
SPEA2,SinglePointCrossover,ReversingMutation,RunNum=2,150.06
SPEA2,SinglePointCrossover,ReversingMutation,RunNum=3,132.52
SPEA2,SinglePointCrossover,ReversingMutation,RunNum=4,NaN
SPEA2,SinglePointCrossover,ReversingMutation,RunNum=5,71.28
SPEA2,SinglePointCrossover,ReversingMutation,RunNum=6,NaN
SPEA2,SinglePointCrossover,ReversingMutation,RunNum=7,161.28
SPEA2,SinglePointCrossover,ReversingMutation,RunNum=8,125.54
SPEA2,SinglePointCrossover,ReversingMutation,RunNum=9,173.03
SPEA2,SinglePointCrossover,ReversingMutation,RunNum=10,188.45
SPEA2,SinglePointCrossover,BitFlipMutation,RunNum=1,127.45
SPEA2,SinglePointCrossover,BitFlipMutation,RunNum=2,115.56
SPEA2,SinglePointCrossover,BitFlipMutation,RunNum=3,120.5
SPEA2,SinglePointCrossover,BitFlipMutation,RunNum=4,103.62
SPEA2,SinglePointCrossover,BitFlipMutation,RunNum=5,157.88
SPEA2,SinglePointCrossover,BitFlipMutation,RunNum=6,77.23
SPEA2,SinglePointCrossover,BitFlipMutation,RunNum=7,123.91
SPEA2,SinglePointCrossover,BitFlipMutation,RunNum=8,143.74
SPEA2,SinglePointCrossover,BitFlipMutation,RunNum=9,135.04
SPEA2,SinglePointCrossover,BitFlipMutation,RunNum=10,107.09
SPEA2,UniformCrossover,DynamicBitFlipMutation,RunNum=1,109.52
SPEA2,UniformCrossover,DynamicBitFlipMutation,RunNum=2,87.21
SPEA2,UniformCrossover,DynamicBitFlipMutation,RunNum=3,105.45
SPEA2,UniformCrossover,DynamicBitFlipMutation,RunNum=4,93.54
SPEA2,UniformCrossover,DynamicBitFlipMutation,RunNum=5,113.62
SPEA2,UniformCrossover,DynamicBitFlipMutation,RunNum=6,222.22
SPEA2,UniformCrossover,DynamicBitFlipMutation,RunNum=7,192.27
SPEA2,UniformCrossover,DynamicBitFlipMutation,RunNum=8,149.13
SPEA2,UniformCrossover,DynamicBitFlipMutation,RunNum=9,78.28
SPEA2,UniformCrossover,DynamicBitFlipMutation,RunNum=10,104.32
SPEA2,UniformCrossover,InterchangingMutation,RunNum=1,160.31
SPEA2,UniformCrossover,InterchangingMutation,RunNum=2,353.25
SPEA2,UniformCrossover,InterchangingMutation,RunNum=3,190.7
SPEA2,UniformCrossover,InterchangingMutation,RunNum=4,173.41
SPEA2,UniformCrossover,InterchangingMutation,RunNum=5,129.1
SPEA2,UniformCrossover,InterchangingMutation,RunNum=6,153.47
SPEA2,UniformCrossover,InterchangingMutation,RunNum=7,164.38
SPEA2,UniformCrossover,InterchangingMutation,RunNum=8,198.41
SPEA2,UniformCrossover,InterchangingMutation,RunNum=9,177.71
SPEA2,UniformCrossover,InterchangingMutation,RunNum=10,195.14
SPEA2,UniformCrossover,OneBitFlipMutation,RunNum=1,318.72
SPEA2,UniformCrossover,OneBitFlipMutation,RunNum=2,130.86
SPEA2,UniformCrossover,OneBitFlipMutation,RunNum=3,1208.13
SPEA2,UniformCrossover,OneBitFlipMutation,RunNum=4,224.44
SPEA2,UniformCrossover,OneBitFlipMutation,RunNum=5,99.8
SPEA2,UniformCrossover,OneBitFlipMutation,RunNum=6,793.64
SPEA2,UniformCrossover,OneBitFlipMutation,RunNum=7,111.72
SPEA2,UniformCrossover,OneBitFlipMutation,RunNum=8,117.32
SPEA2,UniformCrossover,OneBitFlipMutation,RunNum=9,173.04
SPEA2,UniformCrossover,OneBitFlipMutation,RunNum=10,145.57
SPEA2,UniformCrossover,GreedyMutation,RunNum=1,NaN
SPEA2,UniformCrossover,GreedyMutation,RunNum=2,NaN
SPEA2,UniformCrossover,GreedyMutation,RunNum=3,NaN
SPEA2,UniformCrossover,GreedyMutation,RunNum=4,NaN
SPEA2,UniformCrossover,GreedyMutation,RunNum=5,NaN
SPEA2,UniformCrossover,GreedyMutation,RunNum=6,NaN
SPEA2,UniformCrossover,GreedyMutation,RunNum=7,NaN
SPEA2,UniformCrossover,GreedyMutation,RunNum=8,NaN
SPEA2,UniformCrossover,GreedyMutation,RunNum=9,NaN
SPEA2,UniformCrossover,GreedyMutation,RunNum=10,NaN
SPEA2,UniformCrossover,ReversingMutation,RunNum=1,89.52
SPEA2,UniformCrossover,ReversingMutation,RunNum=2,98.34
SPEA2,UniformCrossover,ReversingMutation,RunNum=3,100.13
SPEA2,UniformCrossover,ReversingMutation,RunNum=4,95.07
SPEA2,UniformCrossover,ReversingMutation,RunNum=5,165.99
SPEA2,UniformCrossover,ReversingMutation,RunNum=6,126.29
SPEA2,UniformCrossover,ReversingMutation,RunNum=7,113.95
SPEA2,UniformCrossover,ReversingMutation,RunNum=8,199.69
SPEA2,UniformCrossover,ReversingMutation,RunNum=9,84.47
SPEA2,UniformCrossover,ReversingMutation,RunNum=10,111.71
SPEA2,UniformCrossover,BitFlipMutation,RunNum=1,86.19
SPEA2,UniformCrossover,BitFlipMutation,RunNum=2,112.69
SPEA2,UniformCrossover,BitFlipMutation,RunNum=3,104.11
SPEA2,UniformCrossover,BitFlipMutation,RunNum=4,125.33
SPEA2,UniformCrossover,BitFlipMutation,RunNum=5,111.27
SPEA2,UniformCrossover,BitFlipMutation,RunNum=6,117.28
SPEA2,UniformCrossover,BitFlipMutation,RunNum=7,96.22
SPEA2,UniformCrossover,BitFlipMutation,RunNum=8,112.93
SPEA2,UniformCrossover,BitFlipMutation,RunNum=9,134.92
SPEA2,UniformCrossover,BitFlipMutation,RunNum=10,149.34
SPEA2,ReducedSurrogateCrossover,DynamicBitFlipMutation,RunNum=1,123.57
SPEA2,ReducedSurrogateCrossover,DynamicBitFlipMutation,RunNum=2,126.55
SPEA2,ReducedSurrogateCrossover,DynamicBitFlipMutation,RunNum=3,123.69
SPEA2,ReducedSurrogateCrossover,DynamicBitFlipMutation,RunNum=4,163.66
SPEA2,ReducedSurrogateCrossover,DynamicBitFlipMutation,RunNum=5,101.3
SPEA2,ReducedSurrogateCrossover,DynamicBitFlipMutation,RunNum=6,123.12
SPEA2,ReducedSurrogateCrossover,DynamicBitFlipMutation,RunNum=7,141.35
SPEA2,ReducedSurrogateCrossover,DynamicBitFlipMutation,RunNum=8,153.31
SPEA2,ReducedSurrogateCrossover,DynamicBitFlipMutation,RunNum=9,114.07
SPEA2,ReducedSurrogateCrossover,DynamicBitFlipMutation,RunNum=10,136.99
SPEA2,ReducedSurrogateCrossover,InterchangingMutation,RunNum=1,NaN
SPEA2,ReducedSurrogateCrossover,InterchangingMutation,RunNum=2,NaN
SPEA2,ReducedSurrogateCrossover,InterchangingMutation,RunNum=3,NaN
SPEA2,ReducedSurrogateCrossover,InterchangingMutation,RunNum=4,NaN
SPEA2,ReducedSurrogateCrossover,InterchangingMutation,RunNum=5,NaN
SPEA2,ReducedSurrogateCrossover,InterchangingMutation,RunNum=6,NaN
SPEA2,ReducedSurrogateCrossover,InterchangingMutation,RunNum=7,NaN
SPEA2,ReducedSurrogateCrossover,InterchangingMutation,RunNum=8,NaN
SPEA2,ReducedSurrogateCrossover,InterchangingMutation,RunNum=9,NaN
SPEA2,ReducedSurrogateCrossover,InterchangingMutation,RunNum=10,NaN
SPEA2,ReducedSurrogateCrossover,OneBitFlipMutation,RunNum=1,NaN
SPEA2,ReducedSurrogateCrossover,OneBitFlipMutation,RunNum=2,NaN
SPEA2,ReducedSurrogateCrossover,OneBitFlipMutation,RunNum=3,NaN
SPEA2,ReducedSurrogateCrossover,OneBitFlipMutation,RunNum=4,NaN
SPEA2,ReducedSurrogateCrossover,OneBitFlipMutation,RunNum=5,NaN
SPEA2,ReducedSurrogateCrossover,OneBitFlipMutation,RunNum=6,NaN
SPEA2,ReducedSurrogateCrossover,OneBitFlipMutation,RunNum=7,NaN
SPEA2,ReducedSurrogateCrossover,OneBitFlipMutation,RunNum=8,NaN
SPEA2,ReducedSurrogateCrossover,OneBitFlipMutation,RunNum=9,NaN
SPEA2,ReducedSurrogateCrossover,OneBitFlipMutation,RunNum=10,NaN
SPEA2,ReducedSurrogateCrossover,GreedyMutation,RunNum=1,NaN
SPEA2,ReducedSurrogateCrossover,GreedyMutation,RunNum=2,NaN
SPEA2,ReducedSurrogateCrossover,GreedyMutation,RunNum=3,NaN
SPEA2,ReducedSurrogateCrossover,GreedyMutation,RunNum=4,NaN
SPEA2,ReducedSurrogateCrossover,GreedyMutation,RunNum=5,NaN
SPEA2,ReducedSurrogateCrossover,GreedyMutation,RunNum=6,NaN
SPEA2,ReducedSurrogateCrossover,GreedyMutation,RunNum=7,NaN
SPEA2,ReducedSurrogateCrossover,GreedyMutation,RunNum=8,NaN
SPEA2,ReducedSurrogateCrossover,GreedyMutation,RunNum=9,NaN
SPEA2,ReducedSurrogateCrossover,GreedyMutation,RunNum=10,NaN
SPEA2,ReducedSurrogateCrossover,ReversingMutation,RunNum=1,NaN
SPEA2,ReducedSurrogateCrossover,ReversingMutation,RunNum=2,NaN
SPEA2,ReducedSurrogateCrossover,ReversingMutation,RunNum=3,174.05
SPEA2,ReducedSurrogateCrossover,ReversingMutation,RunNum=4,NaN
SPEA2,ReducedSurrogateCrossover,ReversingMutation,RunNum=5,224.94
SPEA2,ReducedSurrogateCrossover,ReversingMutation,RunNum=6,NaN
SPEA2,ReducedSurrogateCrossover,ReversingMutation,RunNum=7,NaN
SPEA2,ReducedSurrogateCrossover,ReversingMutation,RunNum=8,NaN
SPEA2,ReducedSurrogateCrossover,ReversingMutation,RunNum=9,NaN
SPEA2,ReducedSurrogateCrossover,ReversingMutation,RunNum=10,NaN
SPEA2,ReducedSurrogateCrossover,BitFlipMutation,RunNum=1,NaN
SPEA2,ReducedSurrogateCrossover,BitFlipMutation,RunNum=2,NaN
SPEA2,ReducedSurrogateCrossover,BitFlipMutation,RunNum=3,NaN
SPEA2,ReducedSurrogateCrossover,BitFlipMutation,RunNum=4,NaN
SPEA2,ReducedSurrogateCrossover,BitFlipMutation,RunNum=5,NaN
SPEA2,ReducedSurrogateCrossover,BitFlipMutation,RunNum=6,NaN
SPEA2,ReducedSurrogateCrossover,BitFlipMutation,RunNum=7,NaN
SPEA2,ReducedSurrogateCrossover,BitFlipMutation,RunNum=8,NaN
SPEA2,ReducedSurrogateCrossover,BitFlipMutation,RunNum=9,NaN
SPEA2,ReducedSurrogateCrossover,BitFlipMutation,RunNum=10,NaN
SPEA2,ArithmeticCrossover,DynamicBitFlipMutation,RunNum=1,232.11
SPEA2,ArithmeticCrossover,DynamicBitFlipMutation,RunNum=2,181.14
SPEA2,ArithmeticCrossover,DynamicBitFlipMutation,RunNum=3,196.39
SPEA2,ArithmeticCrossover,DynamicBitFlipMutation,RunNum=4,167.72
SPEA2,ArithmeticCrossover,DynamicBitFlipMutation,RunNum=5,207.26
SPEA2,ArithmeticCrossover,DynamicBitFlipMutation,RunNum=6,253.13
SPEA2,ArithmeticCrossover,DynamicBitFlipMutation,RunNum=7,188.68
SPEA2,ArithmeticCrossover,DynamicBitFlipMutation,RunNum=8,242.84
SPEA2,ArithmeticCrossover,DynamicBitFlipMutation,RunNum=9,300.88
SPEA2,ArithmeticCrossover,DynamicBitFlipMutation,RunNum=10,541.59
SPEA2,ArithmeticCrossover,InterchangingMutation,RunNum=1,752.72
SPEA2,ArithmeticCrossover,InterchangingMutation,RunNum=2,83.28
SPEA2,ArithmeticCrossover,InterchangingMutation,RunNum=3,175.06
SPEA2,ArithmeticCrossover,InterchangingMutation,RunNum=4,988.0
SPEA2,ArithmeticCrossover,InterchangingMutation,RunNum=5,372.61
SPEA2,ArithmeticCrossover,InterchangingMutation,RunNum=6,154.5
SPEA2,ArithmeticCrossover,InterchangingMutation,RunNum=7,283.05
SPEA2,ArithmeticCrossover,InterchangingMutation,RunNum=8,222.38
SPEA2,ArithmeticCrossover,InterchangingMutation,RunNum=9,244.23
SPEA2,ArithmeticCrossover,InterchangingMutation,RunNum=10,3218.3
SPEA2,ArithmeticCrossover,OneBitFlipMutation,RunNum=1,661.26
SPEA2,ArithmeticCrossover,OneBitFlipMutation,RunNum=2,447.64
SPEA2,ArithmeticCrossover,OneBitFlipMutation,RunNum=3,150.99
SPEA2,ArithmeticCrossover,OneBitFlipMutation,RunNum=4,150.26
SPEA2,ArithmeticCrossover,OneBitFlipMutation,RunNum=5,132.25
SPEA2,ArithmeticCrossover,OneBitFlipMutation,RunNum=6,500.62
SPEA2,ArithmeticCrossover,OneBitFlipMutation,RunNum=7,3495.99
SPEA2,ArithmeticCrossover,OneBitFlipMutation,RunNum=8,334.95
SPEA2,ArithmeticCrossover,OneBitFlipMutation,RunNum=9,342.52
SPEA2,ArithmeticCrossover,OneBitFlipMutation,RunNum=10,163.24
SPEA2,ArithmeticCrossover,GreedyMutation,RunNum=1,368.86
SPEA2,ArithmeticCrossover,GreedyMutation,RunNum=2,333.83
SPEA2,ArithmeticCrossover,GreedyMutation,RunNum=3,2787.58
SPEA2,ArithmeticCrossover,GreedyMutation,RunNum=4,449.05
SPEA2,ArithmeticCrossover,GreedyMutation,RunNum=5,284.82
SPEA2,ArithmeticCrossover,GreedyMutation,RunNum=6,369.59
SPEA2,ArithmeticCrossover,GreedyMutation,RunNum=7,284.35
SPEA2,ArithmeticCrossover,GreedyMutation,RunNum=8,412.69
SPEA2,ArithmeticCrossover,GreedyMutation,RunNum=9,436.08
SPEA2,ArithmeticCrossover,GreedyMutation,RunNum=10,1278.3
SPEA2,ArithmeticCrossover,ReversingMutation,RunNum=1,200.5
SPEA2,ArithmeticCrossover,ReversingMutation,RunNum=2,176.08
SPEA2,ArithmeticCrossover,ReversingMutation,RunNum=3,1491.69
SPEA2,ArithmeticCrossover,ReversingMutation,RunNum=4,669.76
SPEA2,ArithmeticCrossover,ReversingMutation,RunNum=5,620.05
SPEA2,ArithmeticCrossover,ReversingMutation,RunNum=6,355.68
SPEA2,ArithmeticCrossover,ReversingMutation,RunNum=7,188.11
SPEA2,ArithmeticCrossover,ReversingMutation,RunNum=8,272.33
SPEA2,ArithmeticCrossover,ReversingMutation,RunNum=9,233.92
SPEA2,ArithmeticCrossover,ReversingMutation,RunNum=10,191.56
SPEA2,ArithmeticCrossover,BitFlipMutation,RunNum=1,258.55
SPEA2,ArithmeticCrossover,BitFlipMutation,RunNum=2,543.49
SPEA2,ArithmeticCrossover,BitFlipMutation,RunNum=3,213.09
SPEA2,ArithmeticCrossover,BitFlipMutation,RunNum=4,171.77
SPEA2,ArithmeticCrossover,BitFlipMutation,RunNum=5,204.83
SPEA2,ArithmeticCrossover,BitFlipMutation,RunNum=6,1558.03
SPEA2,ArithmeticCrossover,BitFlipMutation,RunNum=7,169.44
SPEA2,ArithmeticCrossover,BitFlipMutation,RunNum=8,190.3
SPEA2,ArithmeticCrossover,BitFlipMutation,RunNum=9,404.52
SPEA2,ArithmeticCrossover,BitFlipMutation,RunNum=10,236.59
SPEA2,HUXCrossover,DynamicBitFlipMutation,RunNum=1,108.58
SPEA2,HUXCrossover,DynamicBitFlipMutation,RunNum=2,94.09
SPEA2,HUXCrossover,DynamicBitFlipMutation,RunNum=3,81.81
SPEA2,HUXCrossover,DynamicBitFlipMutation,RunNum=4,148.57
SPEA2,HUXCrossover,DynamicBitFlipMutation,RunNum=5,221.49
SPEA2,HUXCrossover,DynamicBitFlipMutation,RunNum=6,93.12
SPEA2,HUXCrossover,DynamicBitFlipMutation,RunNum=7,100.6
SPEA2,HUXCrossover,DynamicBitFlipMutation,RunNum=8,90.88
SPEA2,HUXCrossover,DynamicBitFlipMutation,RunNum=9,110.44
SPEA2,HUXCrossover,DynamicBitFlipMutation,RunNum=10,140.47
SPEA2,HUXCrossover,InterchangingMutation,RunNum=1,143.73
SPEA2,HUXCrossover,InterchangingMutation,RunNum=2,160.18
SPEA2,HUXCrossover,InterchangingMutation,RunNum=3,168.82
SPEA2,HUXCrossover,InterchangingMutation,RunNum=4,102.23
SPEA2,HUXCrossover,InterchangingMutation,RunNum=5,147.97
SPEA2,HUXCrossover,InterchangingMutation,RunNum=6,209.71
SPEA2,HUXCrossover,InterchangingMutation,RunNum=7,129.5
SPEA2,HUXCrossover,InterchangingMutation,RunNum=8,197.33
SPEA2,HUXCrossover,InterchangingMutation,RunNum=9,163.12
SPEA2,HUXCrossover,InterchangingMutation,RunNum=10,368.23
SPEA2,HUXCrossover,OneBitFlipMutation,RunNum=1,123.15
SPEA2,HUXCrossover,OneBitFlipMutation,RunNum=2,551.67
SPEA2,HUXCrossover,OneBitFlipMutation,RunNum=3,142.88
SPEA2,HUXCrossover,OneBitFlipMutation,RunNum=4,184.17
SPEA2,HUXCrossover,OneBitFlipMutation,RunNum=5,240.21
SPEA2,HUXCrossover,OneBitFlipMutation,RunNum=6,153.83
SPEA2,HUXCrossover,OneBitFlipMutation,RunNum=7,173.58
SPEA2,HUXCrossover,OneBitFlipMutation,RunNum=8,210.59
SPEA2,HUXCrossover,OneBitFlipMutation,RunNum=9,150.27
SPEA2,HUXCrossover,OneBitFlipMutation,RunNum=10,391.53
SPEA2,HUXCrossover,GreedyMutation,RunNum=1,NaN
SPEA2,HUXCrossover,GreedyMutation,RunNum=2,NaN
SPEA2,HUXCrossover,GreedyMutation,RunNum=3,NaN
SPEA2,HUXCrossover,GreedyMutation,RunNum=4,NaN
SPEA2,HUXCrossover,GreedyMutation,RunNum=5,NaN
SPEA2,HUXCrossover,GreedyMutation,RunNum=6,NaN
SPEA2,HUXCrossover,GreedyMutation,RunNum=7,NaN
SPEA2,HUXCrossover,GreedyMutation,RunNum=8,NaN
SPEA2,HUXCrossover,GreedyMutation,RunNum=9,NaN
SPEA2,HUXCrossover,GreedyMutation,RunNum=10,NaN
SPEA2,HUXCrossover,ReversingMutation,RunNum=1,168.41
SPEA2,HUXCrossover,ReversingMutation,RunNum=2,91.49
SPEA2,HUXCrossover,ReversingMutation,RunNum=3,128.2
SPEA2,HUXCrossover,ReversingMutation,RunNum=4,155.03
SPEA2,HUXCrossover,ReversingMutation,RunNum=5,102.83
SPEA2,HUXCrossover,ReversingMutation,RunNum=6,112.83
SPEA2,HUXCrossover,ReversingMutation,RunNum=7,208.02
SPEA2,HUXCrossover,ReversingMutation,RunNum=8,135.34
SPEA2,HUXCrossover,ReversingMutation,RunNum=9,1210.05
SPEA2,HUXCrossover,ReversingMutation,RunNum=10,117.87
SPEA2,HUXCrossover,BitFlipMutation,RunNum=1,89.56
SPEA2,HUXCrossover,BitFlipMutation,RunNum=2,100.65
SPEA2,HUXCrossover,BitFlipMutation,RunNum=3,91.53
SPEA2,HUXCrossover,BitFlipMutation,RunNum=4,129.56
SPEA2,HUXCrossover,BitFlipMutation,RunNum=5,109.86
SPEA2,HUXCrossover,BitFlipMutation,RunNum=6,119.83
SPEA2,HUXCrossover,BitFlipMutation,RunNum=7,92.57
SPEA2,HUXCrossover,BitFlipMutation,RunNum=8,95.26
SPEA2,HUXCrossover,BitFlipMutation,RunNum=9,128.71
SPEA2,HUXCrossover,BitFlipMutation,RunNum=10,97.46
IBEA,GroupPointCrossover,DynamicBitFlipMutation,RunNum=1,108.71
IBEA,GroupPointCrossover,DynamicBitFlipMutation,RunNum=2,106.22
IBEA,GroupPointCrossover,DynamicBitFlipMutation,RunNum=3,118.05
IBEA,GroupPointCrossover,DynamicBitFlipMutation,RunNum=4,91.42
IBEA,GroupPointCrossover,DynamicBitFlipMutation,RunNum=5,107.67
IBEA,GroupPointCrossover,DynamicBitFlipMutation,RunNum=6,123.34
IBEA,GroupPointCrossover,DynamicBitFlipMutation,RunNum=7,126.49
IBEA,GroupPointCrossover,DynamicBitFlipMutation,RunNum=8,104.73
IBEA,GroupPointCrossover,DynamicBitFlipMutation,RunNum=9,111.17
IBEA,GroupPointCrossover,DynamicBitFlipMutation,RunNum=10,145.96
IBEA,GroupPointCrossover,InterchangingMutation,RunNum=1,NaN
IBEA,GroupPointCrossover,InterchangingMutation,RunNum=2,NaN
IBEA,GroupPointCrossover,InterchangingMutation,RunNum=3,NaN
IBEA,GroupPointCrossover,InterchangingMutation,RunNum=4,NaN
IBEA,GroupPointCrossover,InterchangingMutation,RunNum=5,NaN
IBEA,GroupPointCrossover,InterchangingMutation,RunNum=6,NaN
IBEA,GroupPointCrossover,InterchangingMutation,RunNum=7,NaN
IBEA,GroupPointCrossover,InterchangingMutation,RunNum=8,NaN
IBEA,GroupPointCrossover,InterchangingMutation,RunNum=9,NaN
IBEA,GroupPointCrossover,InterchangingMutation,RunNum=10,NaN
IBEA,GroupPointCrossover,OneBitFlipMutation,RunNum=1,NaN
IBEA,GroupPointCrossover,OneBitFlipMutation,RunNum=2,NaN
IBEA,GroupPointCrossover,OneBitFlipMutation,RunNum=3,NaN
IBEA,GroupPointCrossover,OneBitFlipMutation,RunNum=4,NaN
IBEA,GroupPointCrossover,OneBitFlipMutation,RunNum=5,NaN
IBEA,GroupPointCrossover,OneBitFlipMutation,RunNum=6,NaN
IBEA,GroupPointCrossover,OneBitFlipMutation,RunNum=7,NaN
IBEA,GroupPointCrossover,OneBitFlipMutation,RunNum=8,NaN
IBEA,GroupPointCrossover,OneBitFlipMutation,RunNum=9,NaN
IBEA,GroupPointCrossover,OneBitFlipMutation,RunNum=10,NaN
IBEA,GroupPointCrossover,GreedyMutation,RunNum=1,NaN
IBEA,GroupPointCrossover,GreedyMutation,RunNum=2,NaN
IBEA,GroupPointCrossover,GreedyMutation,RunNum=3,NaN
IBEA,GroupPointCrossover,GreedyMutation,RunNum=4,NaN
IBEA,GroupPointCrossover,GreedyMutation,RunNum=5,NaN
IBEA,GroupPointCrossover,GreedyMutation,RunNum=6,NaN
IBEA,GroupPointCrossover,GreedyMutation,RunNum=7,NaN
IBEA,GroupPointCrossover,GreedyMutation,RunNum=8,NaN
IBEA,GroupPointCrossover,GreedyMutation,RunNum=9,NaN
IBEA,GroupPointCrossover,GreedyMutation,RunNum=10,NaN
IBEA,GroupPointCrossover,ReversingMutation,RunNum=1,NaN
IBEA,GroupPointCrossover,ReversingMutation,RunNum=2,NaN
IBEA,GroupPointCrossover,ReversingMutation,RunNum=3,NaN
IBEA,GroupPointCrossover,ReversingMutation,RunNum=4,NaN
IBEA,GroupPointCrossover,ReversingMutation,RunNum=5,NaN
IBEA,GroupPointCrossover,ReversingMutation,RunNum=6,NaN
IBEA,GroupPointCrossover,ReversingMutation,RunNum=7,NaN
IBEA,GroupPointCrossover,ReversingMutation,RunNum=8,NaN
IBEA,GroupPointCrossover,ReversingMutation,RunNum=9,262.16
IBEA,GroupPointCrossover,ReversingMutation,RunNum=10,NaN
IBEA,GroupPointCrossover,BitFlipMutation,RunNum=1,NaN
IBEA,GroupPointCrossover,BitFlipMutation,RunNum=2,NaN
IBEA,GroupPointCrossover,BitFlipMutation,RunNum=3,NaN
IBEA,GroupPointCrossover,BitFlipMutation,RunNum=4,NaN
IBEA,GroupPointCrossover,BitFlipMutation,RunNum=5,NaN
IBEA,GroupPointCrossover,BitFlipMutation,RunNum=6,NaN
IBEA,GroupPointCrossover,BitFlipMutation,RunNum=7,NaN
IBEA,GroupPointCrossover,BitFlipMutation,RunNum=8,NaN
IBEA,GroupPointCrossover,BitFlipMutation,RunNum=9,NaN
IBEA,GroupPointCrossover,BitFlipMutation,RunNum=10,NaN
IBEA,SinglePointCrossover,DynamicBitFlipMutation,RunNum=1,118.52
IBEA,SinglePointCrossover,DynamicBitFlipMutation,RunNum=2,110.69
IBEA,SinglePointCrossover,DynamicBitFlipMutation,RunNum=3,98.36
IBEA,SinglePointCrossover,DynamicBitFlipMutation,RunNum=4,83.83
IBEA,SinglePointCrossover,DynamicBitFlipMutation,RunNum=5,86.27
IBEA,SinglePointCrossover,DynamicBitFlipMutation,RunNum=6,113.61
IBEA,SinglePointCrossover,DynamicBitFlipMutation,RunNum=7,84.89
IBEA,SinglePointCrossover,DynamicBitFlipMutation,RunNum=8,107.31
IBEA,SinglePointCrossover,DynamicBitFlipMutation,RunNum=9,101.58
IBEA,SinglePointCrossover,DynamicBitFlipMutation,RunNum=10,89.99
IBEA,SinglePointCrossover,InterchangingMutation,RunNum=1,NaN
IBEA,SinglePointCrossover,InterchangingMutation,RunNum=2,NaN
IBEA,SinglePointCrossover,InterchangingMutation,RunNum=3,NaN
IBEA,SinglePointCrossover,InterchangingMutation,RunNum=4,NaN
IBEA,SinglePointCrossover,InterchangingMutation,RunNum=5,NaN
IBEA,SinglePointCrossover,InterchangingMutation,RunNum=6,NaN
IBEA,SinglePointCrossover,InterchangingMutation,RunNum=7,NaN
IBEA,SinglePointCrossover,InterchangingMutation,RunNum=8,NaN
IBEA,SinglePointCrossover,InterchangingMutation,RunNum=9,NaN
IBEA,SinglePointCrossover,InterchangingMutation,RunNum=10,NaN
IBEA,SinglePointCrossover,OneBitFlipMutation,RunNum=1,131.91
IBEA,SinglePointCrossover,OneBitFlipMutation,RunNum=2,100.54
IBEA,SinglePointCrossover,OneBitFlipMutation,RunNum=3,172.72
IBEA,SinglePointCrossover,OneBitFlipMutation,RunNum=4,137.04
IBEA,SinglePointCrossover,OneBitFlipMutation,RunNum=5,210.08
IBEA,SinglePointCrossover,OneBitFlipMutation,RunNum=6,190.78
IBEA,SinglePointCrossover,OneBitFlipMutation,RunNum=7,115.21
IBEA,SinglePointCrossover,OneBitFlipMutation,RunNum=8,186.84
IBEA,SinglePointCrossover,OneBitFlipMutation,RunNum=9,147.18
IBEA,SinglePointCrossover,OneBitFlipMutation,RunNum=10,256.2
IBEA,SinglePointCrossover,GreedyMutation,RunNum=1,NaN
IBEA,SinglePointCrossover,GreedyMutation,RunNum=2,NaN
IBEA,SinglePointCrossover,GreedyMutation,RunNum=3,NaN
IBEA,SinglePointCrossover,GreedyMutation,RunNum=4,NaN
IBEA,SinglePointCrossover,GreedyMutation,RunNum=5,NaN
IBEA,SinglePointCrossover,GreedyMutation,RunNum=6,NaN
IBEA,SinglePointCrossover,GreedyMutation,RunNum=7,NaN
IBEA,SinglePointCrossover,GreedyMutation,RunNum=8,NaN
IBEA,SinglePointCrossover,GreedyMutation,RunNum=9,NaN
IBEA,SinglePointCrossover,GreedyMutation,RunNum=10,NaN
IBEA,SinglePointCrossover,ReversingMutation,RunNum=1,NaN
IBEA,SinglePointCrossover,ReversingMutation,RunNum=2,30.25
IBEA,SinglePointCrossover,ReversingMutation,RunNum=3,182.64
IBEA,SinglePointCrossover,ReversingMutation,RunNum=4,223.04
IBEA,SinglePointCrossover,ReversingMutation,RunNum=5,117.22
IBEA,SinglePointCrossover,ReversingMutation,RunNum=6,159.35
IBEA,SinglePointCrossover,ReversingMutation,RunNum=7,158.74
IBEA,SinglePointCrossover,ReversingMutation,RunNum=8,120.36
IBEA,SinglePointCrossover,ReversingMutation,RunNum=9,NaN
IBEA,SinglePointCrossover,ReversingMutation,RunNum=10,149.57
IBEA,SinglePointCrossover,BitFlipMutation,RunNum=1,97.93
IBEA,SinglePointCrossover,BitFlipMutation,RunNum=2,117.69
IBEA,SinglePointCrossover,BitFlipMutation,RunNum=3,101.15
IBEA,SinglePointCrossover,BitFlipMutation,RunNum=4,114.84
IBEA,SinglePointCrossover,BitFlipMutation,RunNum=5,97.68
IBEA,SinglePointCrossover,BitFlipMutation,RunNum=6,113.02
IBEA,SinglePointCrossover,BitFlipMutation,RunNum=7,97.52
IBEA,SinglePointCrossover,BitFlipMutation,RunNum=8,119.78
IBEA,SinglePointCrossover,BitFlipMutation,RunNum=9,99.19
IBEA,SinglePointCrossover,BitFlipMutation,RunNum=10,106.79
IBEA,UniformCrossover,DynamicBitFlipMutation,RunNum=1,83.84
IBEA,UniformCrossover,DynamicBitFlipMutation,RunNum=2,64.11
IBEA,UniformCrossover,DynamicBitFlipMutation,RunNum=3,73.77
IBEA,UniformCrossover,DynamicBitFlipMutation,RunNum=4,64.86
IBEA,UniformCrossover,DynamicBitFlipMutation,RunNum=5,74.5
IBEA,UniformCrossover,DynamicBitFlipMutation,RunNum=6,79.47
IBEA,UniformCrossover,DynamicBitFlipMutation,RunNum=7,84.68
IBEA,UniformCrossover,DynamicBitFlipMutation,RunNum=8,75.71
IBEA,UniformCrossover,DynamicBitFlipMutation,RunNum=9,73.75
IBEA,UniformCrossover,DynamicBitFlipMutation,RunNum=10,74.93
IBEA,UniformCrossover,InterchangingMutation,RunNum=1,256.87
IBEA,UniformCrossover,InterchangingMutation,RunNum=2,125.88
IBEA,UniformCrossover,InterchangingMutation,RunNum=3,154.4
IBEA,UniformCrossover,InterchangingMutation,RunNum=4,167.19
IBEA,UniformCrossover,InterchangingMutation,RunNum=5,121.81
IBEA,UniformCrossover,InterchangingMutation,RunNum=6,110.72
IBEA,UniformCrossover,InterchangingMutation,RunNum=7,106.84
IBEA,UniformCrossover,InterchangingMutation,RunNum=8,140.84
IBEA,UniformCrossover,InterchangingMutation,RunNum=9,100.03
IBEA,UniformCrossover,InterchangingMutation,RunNum=10,130.36
IBEA,UniformCrossover,OneBitFlipMutation,RunNum=1,72.18
IBEA,UniformCrossover,OneBitFlipMutation,RunNum=2,70.97
IBEA,UniformCrossover,OneBitFlipMutation,RunNum=3,108.47
IBEA,UniformCrossover,OneBitFlipMutation,RunNum=4,100.04
IBEA,UniformCrossover,OneBitFlipMutation,RunNum=5,78.71
IBEA,UniformCrossover,OneBitFlipMutation,RunNum=6,118.47
IBEA,UniformCrossover,OneBitFlipMutation,RunNum=7,110.38
IBEA,UniformCrossover,OneBitFlipMutation,RunNum=8,125.3
IBEA,UniformCrossover,OneBitFlipMutation,RunNum=9,100.05
IBEA,UniformCrossover,OneBitFlipMutation,RunNum=10,113.71
IBEA,UniformCrossover,GreedyMutation,RunNum=1,NaN
IBEA,UniformCrossover,GreedyMutation,RunNum=2,NaN
IBEA,UniformCrossover,GreedyMutation,RunNum=3,NaN
IBEA,UniformCrossover,GreedyMutation,RunNum=4,NaN
IBEA,UniformCrossover,GreedyMutation,RunNum=5,NaN
IBEA,UniformCrossover,GreedyMutation,RunNum=6,NaN
IBEA,UniformCrossover,GreedyMutation,RunNum=7,NaN
IBEA,UniformCrossover,GreedyMutation,RunNum=8,NaN
IBEA,UniformCrossover,GreedyMutation,RunNum=9,NaN
IBEA,UniformCrossover,GreedyMutation,RunNum=10,NaN
IBEA,UniformCrossover,ReversingMutation,RunNum=1,62.27
IBEA,UniformCrossover,ReversingMutation,RunNum=2,83.81
IBEA,UniformCrossover,ReversingMutation,RunNum=3,63.6
IBEA,UniformCrossover,ReversingMutation,RunNum=4,41.88
IBEA,UniformCrossover,ReversingMutation,RunNum=5,69.18
IBEA,UniformCrossover,ReversingMutation,RunNum=6,50.53
IBEA,UniformCrossover,ReversingMutation,RunNum=7,60.66
IBEA,UniformCrossover,ReversingMutation,RunNum=8,72.21
IBEA,UniformCrossover,ReversingMutation,RunNum=9,68.36
IBEA,UniformCrossover,ReversingMutation,RunNum=10,81.14
IBEA,UniformCrossover,BitFlipMutation,RunNum=1,88.11
IBEA,UniformCrossover,BitFlipMutation,RunNum=2,104.23
IBEA,UniformCrossover,BitFlipMutation,RunNum=3,96.92
IBEA,UniformCrossover,BitFlipMutation,RunNum=4,95.35
IBEA,UniformCrossover,BitFlipMutation,RunNum=5,70.62
IBEA,UniformCrossover,BitFlipMutation,RunNum=6,74.12
IBEA,UniformCrossover,BitFlipMutation,RunNum=7,91.39
IBEA,UniformCrossover,BitFlipMutation,RunNum=8,82.41
IBEA,UniformCrossover,BitFlipMutation,RunNum=9,84.02
IBEA,UniformCrossover,BitFlipMutation,RunNum=10,92.06
IBEA,ReducedSurrogateCrossover,DynamicBitFlipMutation,RunNum=1,118.83
IBEA,ReducedSurrogateCrossover,DynamicBitFlipMutation,RunNum=2,126.4
IBEA,ReducedSurrogateCrossover,DynamicBitFlipMutation,RunNum=3,107.1
IBEA,ReducedSurrogateCrossover,DynamicBitFlipMutation,RunNum=4,86.06
IBEA,ReducedSurrogateCrossover,DynamicBitFlipMutation,RunNum=5,120.76
IBEA,ReducedSurrogateCrossover,DynamicBitFlipMutation,RunNum=6,114.31
IBEA,ReducedSurrogateCrossover,DynamicBitFlipMutation,RunNum=7,103.62
IBEA,ReducedSurrogateCrossover,DynamicBitFlipMutation,RunNum=8,127.23
IBEA,ReducedSurrogateCrossover,DynamicBitFlipMutation,RunNum=9,124.83
IBEA,ReducedSurrogateCrossover,DynamicBitFlipMutation,RunNum=10,107.85
IBEA,ReducedSurrogateCrossover,InterchangingMutation,RunNum=1,NaN
IBEA,ReducedSurrogateCrossover,InterchangingMutation,RunNum=2,NaN
IBEA,ReducedSurrogateCrossover,InterchangingMutation,RunNum=3,NaN
IBEA,ReducedSurrogateCrossover,InterchangingMutation,RunNum=4,NaN
IBEA,ReducedSurrogateCrossover,InterchangingMutation,RunNum=5,NaN
IBEA,ReducedSurrogateCrossover,InterchangingMutation,RunNum=6,NaN
IBEA,ReducedSurrogateCrossover,InterchangingMutation,RunNum=7,NaN
IBEA,ReducedSurrogateCrossover,InterchangingMutation,RunNum=8,NaN
IBEA,ReducedSurrogateCrossover,InterchangingMutation,RunNum=9,NaN
IBEA,ReducedSurrogateCrossover,InterchangingMutation,RunNum=10,NaN
IBEA,ReducedSurrogateCrossover,OneBitFlipMutation,RunNum=1,NaN
IBEA,ReducedSurrogateCrossover,OneBitFlipMutation,RunNum=2,NaN
IBEA,ReducedSurrogateCrossover,OneBitFlipMutation,RunNum=3,NaN
IBEA,ReducedSurrogateCrossover,OneBitFlipMutation,RunNum=4,NaN
IBEA,ReducedSurrogateCrossover,OneBitFlipMutation,RunNum=5,NaN
IBEA,ReducedSurrogateCrossover,OneBitFlipMutation,RunNum=6,NaN
IBEA,ReducedSurrogateCrossover,OneBitFlipMutation,RunNum=7,NaN
IBEA,ReducedSurrogateCrossover,OneBitFlipMutation,RunNum=8,NaN
IBEA,ReducedSurrogateCrossover,OneBitFlipMutation,RunNum=9,NaN
IBEA,ReducedSurrogateCrossover,OneBitFlipMutation,RunNum=10,NaN
IBEA,ReducedSurrogateCrossover,GreedyMutation,RunNum=1,NaN
IBEA,ReducedSurrogateCrossover,GreedyMutation,RunNum=2,NaN
IBEA,ReducedSurrogateCrossover,GreedyMutation,RunNum=3,NaN
IBEA,ReducedSurrogateCrossover,GreedyMutation,RunNum=4,NaN
IBEA,ReducedSurrogateCrossover,GreedyMutation,RunNum=5,NaN
IBEA,ReducedSurrogateCrossover,GreedyMutation,RunNum=6,NaN
IBEA,ReducedSurrogateCrossover,GreedyMutation,RunNum=7,NaN
IBEA,ReducedSurrogateCrossover,GreedyMutation,RunNum=8,NaN
IBEA,ReducedSurrogateCrossover,GreedyMutation,RunNum=9,NaN
IBEA,ReducedSurrogateCrossover,GreedyMutation,RunNum=10,NaN
IBEA,ReducedSurrogateCrossover,ReversingMutation,RunNum=1,NaN
IBEA,ReducedSurrogateCrossover,ReversingMutation,RunNum=2,NaN
IBEA,ReducedSurrogateCrossover,ReversingMutation,RunNum=3,NaN
IBEA,ReducedSurrogateCrossover,ReversingMutation,RunNum=4,NaN
IBEA,ReducedSurrogateCrossover,ReversingMutation,RunNum=5,NaN
IBEA,ReducedSurrogateCrossover,ReversingMutation,RunNum=6,NaN
IBEA,ReducedSurrogateCrossover,ReversingMutation,RunNum=7,NaN
IBEA,ReducedSurrogateCrossover,ReversingMutation,RunNum=8,NaN
IBEA,ReducedSurrogateCrossover,ReversingMutation,RunNum=9,NaN
IBEA,ReducedSurrogateCrossover,ReversingMutation,RunNum=10,NaN
IBEA,ReducedSurrogateCrossover,BitFlipMutation,RunNum=1,NaN
IBEA,ReducedSurrogateCrossover,BitFlipMutation,RunNum=2,NaN
IBEA,ReducedSurrogateCrossover,BitFlipMutation,RunNum=3,NaN
IBEA,ReducedSurrogateCrossover,BitFlipMutation,RunNum=4,NaN
IBEA,ReducedSurrogateCrossover,BitFlipMutation,RunNum=5,NaN
IBEA,ReducedSurrogateCrossover,BitFlipMutation,RunNum=6,NaN
IBEA,ReducedSurrogateCrossover,BitFlipMutation,RunNum=7,NaN
IBEA,ReducedSurrogateCrossover,BitFlipMutation,RunNum=8,NaN
IBEA,ReducedSurrogateCrossover,BitFlipMutation,RunNum=9,NaN
IBEA,ReducedSurrogateCrossover,BitFlipMutation,RunNum=10,NaN
IBEA,ArithmeticCrossover,DynamicBitFlipMutation,RunNum=1,288.68
IBEA,ArithmeticCrossover,DynamicBitFlipMutation,RunNum=2,218.78
IBEA,ArithmeticCrossover,DynamicBitFlipMutation,RunNum=3,305.42
IBEA,ArithmeticCrossover,DynamicBitFlipMutation,RunNum=4,203.18
IBEA,ArithmeticCrossover,DynamicBitFlipMutation,RunNum=5,167.7
IBEA,ArithmeticCrossover,DynamicBitFlipMutation,RunNum=6,197.17
IBEA,ArithmeticCrossover,DynamicBitFlipMutation,RunNum=7,175.36
IBEA,ArithmeticCrossover,DynamicBitFlipMutation,RunNum=8,413.71
IBEA,ArithmeticCrossover,DynamicBitFlipMutation,RunNum=9,252.77
IBEA,ArithmeticCrossover,DynamicBitFlipMutation,RunNum=10,1268.03
IBEA,ArithmeticCrossover,InterchangingMutation,RunNum=1,211.39
IBEA,ArithmeticCrossover,InterchangingMutation,RunNum=2,172.29
IBEA,ArithmeticCrossover,InterchangingMutation,RunNum=3,219.43
IBEA,ArithmeticCrossover,InterchangingMutation,RunNum=4,180.43
IBEA,ArithmeticCrossover,InterchangingMutation,RunNum=5,221.97
IBEA,ArithmeticCrossover,InterchangingMutation,RunNum=6,718.92
IBEA,ArithmeticCrossover,InterchangingMutation,RunNum=7,178.57
IBEA,ArithmeticCrossover,InterchangingMutation,RunNum=8,587.8
IBEA,ArithmeticCrossover,InterchangingMutation,RunNum=9,191.66
IBEA,ArithmeticCrossover,InterchangingMutation,RunNum=10,159.63
IBEA,ArithmeticCrossover,OneBitFlipMutation,RunNum=1,261.54
IBEA,ArithmeticCrossover,OneBitFlipMutation,RunNum=2,177.0
IBEA,ArithmeticCrossover,OneBitFlipMutation,RunNum=3,278.65
IBEA,ArithmeticCrossover,OneBitFlipMutation,RunNum=4,280.28
IBEA,ArithmeticCrossover,OneBitFlipMutation,RunNum=5,254.06
IBEA,ArithmeticCrossover,OneBitFlipMutation,RunNum=6,365.38
IBEA,ArithmeticCrossover,OneBitFlipMutation,RunNum=7,360.5
IBEA,ArithmeticCrossover,OneBitFlipMutation,RunNum=8,217.68
IBEA,ArithmeticCrossover,OneBitFlipMutation,RunNum=9,455.19
IBEA,ArithmeticCrossover,OneBitFlipMutation,RunNum=10,202.77
IBEA,ArithmeticCrossover,GreedyMutation,RunNum=1,191.0
IBEA,ArithmeticCrossover,GreedyMutation,RunNum=2,283.43
IBEA,ArithmeticCrossover,GreedyMutation,RunNum=3,279.81
IBEA,ArithmeticCrossover,GreedyMutation,RunNum=4,1248.79
IBEA,ArithmeticCrossover,GreedyMutation,RunNum=5,359.36
IBEA,ArithmeticCrossover,GreedyMutation,RunNum=6,409.84
IBEA,ArithmeticCrossover,GreedyMutation,RunNum=7,273.13
IBEA,ArithmeticCrossover,GreedyMutation,RunNum=8,285.53
IBEA,ArithmeticCrossover,GreedyMutation,RunNum=9,590.59
IBEA,ArithmeticCrossover,GreedyMutation,RunNum=10,585.18
IBEA,ArithmeticCrossover,ReversingMutation,RunNum=1,243.75
IBEA,ArithmeticCrossover,ReversingMutation,RunNum=2,2696.56
IBEA,ArithmeticCrossover,ReversingMutation,RunNum=3,402.07
IBEA,ArithmeticCrossover,ReversingMutation,RunNum=4,208.8
IBEA,ArithmeticCrossover,ReversingMutation,RunNum=5,174.01
IBEA,ArithmeticCrossover,ReversingMutation,RunNum=6,186.57
IBEA,ArithmeticCrossover,ReversingMutation,RunNum=7,348.57
IBEA,ArithmeticCrossover,ReversingMutation,RunNum=8,284.26
IBEA,ArithmeticCrossover,ReversingMutation,RunNum=9,253.68
IBEA,ArithmeticCrossover,ReversingMutation,RunNum=10,303.84
IBEA,ArithmeticCrossover,BitFlipMutation,RunNum=1,225.75
IBEA,ArithmeticCrossover,BitFlipMutation,RunNum=2,254.14
IBEA,ArithmeticCrossover,BitFlipMutation,RunNum=3,470.09
IBEA,ArithmeticCrossover,BitFlipMutation,RunNum=4,233.5
IBEA,ArithmeticCrossover,BitFlipMutation,RunNum=5,219.14
IBEA,ArithmeticCrossover,BitFlipMutation,RunNum=6,404.87
IBEA,ArithmeticCrossover,BitFlipMutation,RunNum=7,222.68
IBEA,ArithmeticCrossover,BitFlipMutation,RunNum=8,276.53
IBEA,ArithmeticCrossover,BitFlipMutation,RunNum=9,338.34
IBEA,ArithmeticCrossover,BitFlipMutation,RunNum=10,162.04
IBEA,HUXCrossover,DynamicBitFlipMutation,RunNum=1,89.0
IBEA,HUXCrossover,DynamicBitFlipMutation,RunNum=2,77.56
IBEA,HUXCrossover,DynamicBitFlipMutation,RunNum=3,57.75
IBEA,HUXCrossover,DynamicBitFlipMutation,RunNum=4,82.47
IBEA,HUXCrossover,DynamicBitFlipMutation,RunNum=5,70.14
IBEA,HUXCrossover,DynamicBitFlipMutation,RunNum=6,81.64
IBEA,HUXCrossover,DynamicBitFlipMutation,RunNum=7,71.71
IBEA,HUXCrossover,DynamicBitFlipMutation,RunNum=8,75.3
IBEA,HUXCrossover,DynamicBitFlipMutation,RunNum=9,70.86
IBEA,HUXCrossover,DynamicBitFlipMutation,RunNum=10,85.2
IBEA,HUXCrossover,InterchangingMutation,RunNum=1,144.77
IBEA,HUXCrossover,InterchangingMutation,RunNum=2,136.37
IBEA,HUXCrossover,InterchangingMutation,RunNum=3,135.23
IBEA,HUXCrossover,InterchangingMutation,RunNum=4,128.02
IBEA,HUXCrossover,InterchangingMutation,RunNum=5,114.7
IBEA,HUXCrossover,InterchangingMutation,RunNum=6,139.1
IBEA,HUXCrossover,InterchangingMutation,RunNum=7,97.95
IBEA,HUXCrossover,InterchangingMutation,RunNum=8,80.24
IBEA,HUXCrossover,InterchangingMutation,RunNum=9,154.3
IBEA,HUXCrossover,InterchangingMutation,RunNum=10,110.91
IBEA,HUXCrossover,OneBitFlipMutation,RunNum=1,72.42
IBEA,HUXCrossover,OneBitFlipMutation,RunNum=2,87.87
IBEA,HUXCrossover,OneBitFlipMutation,RunNum=3,77.62
IBEA,HUXCrossover,OneBitFlipMutation,RunNum=4,88.98
IBEA,HUXCrossover,OneBitFlipMutation,RunNum=5,71.33
IBEA,HUXCrossover,OneBitFlipMutation,RunNum=6,120.42
IBEA,HUXCrossover,OneBitFlipMutation,RunNum=7,84.78
IBEA,HUXCrossover,OneBitFlipMutation,RunNum=8,105.06
IBEA,HUXCrossover,OneBitFlipMutation,RunNum=9,162.09
IBEA,HUXCrossover,OneBitFlipMutation,RunNum=10,101.97
IBEA,HUXCrossover,GreedyMutation,RunNum=1,NaN
IBEA,HUXCrossover,GreedyMutation,RunNum=2,NaN
IBEA,HUXCrossover,GreedyMutation,RunNum=3,NaN
IBEA,HUXCrossover,GreedyMutation,RunNum=4,NaN
IBEA,HUXCrossover,GreedyMutation,RunNum=5,NaN
IBEA,HUXCrossover,GreedyMutation,RunNum=6,NaN
IBEA,HUXCrossover,GreedyMutation,RunNum=7,NaN
IBEA,HUXCrossover,GreedyMutation,RunNum=8,NaN
IBEA,HUXCrossover,GreedyMutation,RunNum=9,NaN
IBEA,HUXCrossover,GreedyMutation,RunNum=10,NaN
IBEA,HUXCrossover,ReversingMutation,RunNum=1,56.24
IBEA,HUXCrossover,ReversingMutation,RunNum=2,51.97
IBEA,HUXCrossover,ReversingMutation,RunNum=3,65.34
IBEA,HUXCrossover,ReversingMutation,RunNum=4,74.9
IBEA,HUXCrossover,ReversingMutation,RunNum=5,77.64
IBEA,HUXCrossover,ReversingMutation,RunNum=6,64.01
IBEA,HUXCrossover,ReversingMutation,RunNum=7,52.4
IBEA,HUXCrossover,ReversingMutation,RunNum=8,68.19
IBEA,HUXCrossover,ReversingMutation,RunNum=9,93.83
IBEA,HUXCrossover,ReversingMutation,RunNum=10,54.0
IBEA,HUXCrossover,BitFlipMutation,RunNum=1,82.62
IBEA,HUXCrossover,BitFlipMutation,RunNum=2,81.89
IBEA,HUXCrossover,BitFlipMutation,RunNum=3,76.34
IBEA,HUXCrossover,BitFlipMutation,RunNum=4,86.2
IBEA,HUXCrossover,BitFlipMutation,RunNum=5,94.13
IBEA,HUXCrossover,BitFlipMutation,RunNum=6,109.15
IBEA,HUXCrossover,BitFlipMutation,RunNum=7,66.48
IBEA,HUXCrossover,BitFlipMutation,RunNum=8,86.45
IBEA,HUXCrossover,BitFlipMutation,RunNum=9,69.21
IBEA,HUXCrossover,BitFlipMutation,RunNum=10,78.09
NSGA2,GroupPointCrossover,DynamicBitFlipMutation,RunNum=1,130.95
NSGA2,GroupPointCrossover,DynamicBitFlipMutation,RunNum=2,170.81
NSGA2,GroupPointCrossover,DynamicBitFlipMutation,RunNum=3,107.91
NSGA2,GroupPointCrossover,DynamicBitFlipMutation,RunNum=4,153.1
NSGA2,GroupPointCrossover,DynamicBitFlipMutation,RunNum=5,120.63
NSGA2,GroupPointCrossover,DynamicBitFlipMutation,RunNum=6,143.32
NSGA2,GroupPointCrossover,DynamicBitFlipMutation,RunNum=7,136.4
NSGA2,GroupPointCrossover,DynamicBitFlipMutation,RunNum=8,117.42
NSGA2,GroupPointCrossover,DynamicBitFlipMutation,RunNum=9,125.79
NSGA2,GroupPointCrossover,DynamicBitFlipMutation,RunNum=10,119.13
NSGA2,GroupPointCrossover,InterchangingMutation,RunNum=1,NaN
NSGA2,GroupPointCrossover,InterchangingMutation,RunNum=2,NaN
NSGA2,GroupPointCrossover,InterchangingMutation,RunNum=3,NaN
NSGA2,GroupPointCrossover,InterchangingMutation,RunNum=4,NaN
NSGA2,GroupPointCrossover,InterchangingMutation,RunNum=5,NaN
NSGA2,GroupPointCrossover,InterchangingMutation,RunNum=6,NaN
NSGA2,GroupPointCrossover,InterchangingMutation,RunNum=7,NaN
NSGA2,GroupPointCrossover,InterchangingMutation,RunNum=8,NaN
NSGA2,GroupPointCrossover,InterchangingMutation,RunNum=9,NaN
NSGA2,GroupPointCrossover,InterchangingMutation,RunNum=10,NaN
NSGA2,GroupPointCrossover,OneBitFlipMutation,RunNum=1,NaN
NSGA2,GroupPointCrossover,OneBitFlipMutation,RunNum=2,NaN
NSGA2,GroupPointCrossover,OneBitFlipMutation,RunNum=3,NaN
NSGA2,GroupPointCrossover,OneBitFlipMutation,RunNum=4,NaN
NSGA2,GroupPointCrossover,OneBitFlipMutation,RunNum=5,NaN
NSGA2,GroupPointCrossover,OneBitFlipMutation,RunNum=6,NaN
NSGA2,GroupPointCrossover,OneBitFlipMutation,RunNum=7,NaN
NSGA2,GroupPointCrossover,OneBitFlipMutation,RunNum=8,190.01
NSGA2,GroupPointCrossover,OneBitFlipMutation,RunNum=9,NaN
NSGA2,GroupPointCrossover,OneBitFlipMutation,RunNum=10,NaN
NSGA2,GroupPointCrossover,GreedyMutation,RunNum=1,NaN
NSGA2,GroupPointCrossover,GreedyMutation,RunNum=2,NaN
NSGA2,GroupPointCrossover,GreedyMutation,RunNum=3,NaN
NSGA2,GroupPointCrossover,GreedyMutation,RunNum=4,NaN
NSGA2,GroupPointCrossover,GreedyMutation,RunNum=5,NaN
NSGA2,GroupPointCrossover,GreedyMutation,RunNum=6,NaN
NSGA2,GroupPointCrossover,GreedyMutation,RunNum=7,NaN
NSGA2,GroupPointCrossover,GreedyMutation,RunNum=8,NaN
NSGA2,GroupPointCrossover,GreedyMutation,RunNum=9,NaN
NSGA2,GroupPointCrossover,GreedyMutation,RunNum=10,NaN
NSGA2,GroupPointCrossover,ReversingMutation,RunNum=1,NaN
NSGA2,GroupPointCrossover,ReversingMutation,RunNum=2,NaN
NSGA2,GroupPointCrossover,ReversingMutation,RunNum=3,NaN
NSGA2,GroupPointCrossover,ReversingMutation,RunNum=4,NaN
NSGA2,GroupPointCrossover,ReversingMutation,RunNum=5,109.71
NSGA2,GroupPointCrossover,ReversingMutation,RunNum=6,NaN
NSGA2,GroupPointCrossover,ReversingMutation,RunNum=7,NaN
NSGA2,GroupPointCrossover,ReversingMutation,RunNum=8,NaN
NSGA2,GroupPointCrossover,ReversingMutation,RunNum=9,NaN
NSGA2,GroupPointCrossover,ReversingMutation,RunNum=10,NaN
NSGA2,GroupPointCrossover,BitFlipMutation,RunNum=1,NaN
NSGA2,GroupPointCrossover,BitFlipMutation,RunNum=2,NaN
NSGA2,GroupPointCrossover,BitFlipMutation,RunNum=3,NaN
NSGA2,GroupPointCrossover,BitFlipMutation,RunNum=4,NaN
NSGA2,GroupPointCrossover,BitFlipMutation,RunNum=5,NaN
NSGA2,GroupPointCrossover,BitFlipMutation,RunNum=6,NaN
NSGA2,GroupPointCrossover,BitFlipMutation,RunNum=7,NaN
NSGA2,GroupPointCrossover,BitFlipMutation,RunNum=8,NaN
NSGA2,GroupPointCrossover,BitFlipMutation,RunNum=9,NaN
NSGA2,GroupPointCrossover,BitFlipMutation,RunNum=10,NaN
NSGA2,SinglePointCrossover,DynamicBitFlipMutation,RunNum=1,130.77
NSGA2,SinglePointCrossover,DynamicBitFlipMutation,RunNum=2,197.22
NSGA2,SinglePointCrossover,DynamicBitFlipMutation,RunNum=3,161.41
NSGA2,SinglePointCrossover,DynamicBitFlipMutation,RunNum=4,120.56
NSGA2,SinglePointCrossover,DynamicBitFlipMutation,RunNum=5,149.63
NSGA2,SinglePointCrossover,DynamicBitFlipMutation,RunNum=6,147.59
NSGA2,SinglePointCrossover,DynamicBitFlipMutation,RunNum=7,116.92
NSGA2,SinglePointCrossover,DynamicBitFlipMutation,RunNum=8,165.45
NSGA2,SinglePointCrossover,DynamicBitFlipMutation,RunNum=9,104.32
NSGA2,SinglePointCrossover,DynamicBitFlipMutation,RunNum=10,112.2
NSGA2,SinglePointCrossover,InterchangingMutation,RunNum=1,NaN
NSGA2,SinglePointCrossover,InterchangingMutation,RunNum=2,NaN
NSGA2,SinglePointCrossover,InterchangingMutation,RunNum=3,NaN
NSGA2,SinglePointCrossover,InterchangingMutation,RunNum=4,NaN
NSGA2,SinglePointCrossover,InterchangingMutation,RunNum=5,NaN
NSGA2,SinglePointCrossover,InterchangingMutation,RunNum=6,NaN
NSGA2,SinglePointCrossover,InterchangingMutation,RunNum=7,NaN
NSGA2,SinglePointCrossover,InterchangingMutation,RunNum=8,NaN
NSGA2,SinglePointCrossover,InterchangingMutation,RunNum=9,NaN
NSGA2,SinglePointCrossover,InterchangingMutation,RunNum=10,NaN
NSGA2,SinglePointCrossover,OneBitFlipMutation,RunNum=1,117.84
NSGA2,SinglePointCrossover,OneBitFlipMutation,RunNum=2,186.24
NSGA2,SinglePointCrossover,OneBitFlipMutation,RunNum=3,189.35
NSGA2,SinglePointCrossover,OneBitFlipMutation,RunNum=4,132.99
NSGA2,SinglePointCrossover,OneBitFlipMutation,RunNum=5,154.29
NSGA2,SinglePointCrossover,OneBitFlipMutation,RunNum=6,136.92
NSGA2,SinglePointCrossover,OneBitFlipMutation,RunNum=7,171.58
NSGA2,SinglePointCrossover,OneBitFlipMutation,RunNum=8,168.48
NSGA2,SinglePointCrossover,OneBitFlipMutation,RunNum=9,154.85
NSGA2,SinglePointCrossover,OneBitFlipMutation,RunNum=10,117.14
NSGA2,SinglePointCrossover,GreedyMutation,RunNum=1,NaN
NSGA2,SinglePointCrossover,GreedyMutation,RunNum=2,NaN
NSGA2,SinglePointCrossover,GreedyMutation,RunNum=3,NaN
NSGA2,SinglePointCrossover,GreedyMutation,RunNum=4,NaN
NSGA2,SinglePointCrossover,GreedyMutation,RunNum=5,NaN
NSGA2,SinglePointCrossover,GreedyMutation,RunNum=6,NaN
NSGA2,SinglePointCrossover,GreedyMutation,RunNum=7,NaN
NSGA2,SinglePointCrossover,GreedyMutation,RunNum=8,NaN
NSGA2,SinglePointCrossover,GreedyMutation,RunNum=9,NaN
NSGA2,SinglePointCrossover,GreedyMutation,RunNum=10,NaN
NSGA2,SinglePointCrossover,ReversingMutation,RunNum=1,135.79
NSGA2,SinglePointCrossover,ReversingMutation,RunNum=2,150.22
NSGA2,SinglePointCrossover,ReversingMutation,RunNum=3,132.72
NSGA2,SinglePointCrossover,ReversingMutation,RunNum=4,209.73
NSGA2,SinglePointCrossover,ReversingMutation,RunNum=5,82.61
NSGA2,SinglePointCrossover,ReversingMutation,RunNum=6,NaN
NSGA2,SinglePointCrossover,ReversingMutation,RunNum=7,NaN
NSGA2,SinglePointCrossover,ReversingMutation,RunNum=8,NaN
NSGA2,SinglePointCrossover,ReversingMutation,RunNum=9,NaN
NSGA2,SinglePointCrossover,ReversingMutation,RunNum=10,139.35
NSGA2,SinglePointCrossover,BitFlipMutation,RunNum=1,111.47
NSGA2,SinglePointCrossover,BitFlipMutation,RunNum=2,154.25
NSGA2,SinglePointCrossover,BitFlipMutation,RunNum=3,115.21
NSGA2,SinglePointCrossover,BitFlipMutation,RunNum=4,120.52
NSGA2,SinglePointCrossover,BitFlipMutation,RunNum=5,158.68
NSGA2,SinglePointCrossover,BitFlipMutation,RunNum=6,106.32
NSGA2,SinglePointCrossover,BitFlipMutation,RunNum=7,100.0
NSGA2,SinglePointCrossover,BitFlipMutation,RunNum=8,109.91
NSGA2,SinglePointCrossover,BitFlipMutation,RunNum=9,127.91
NSGA2,SinglePointCrossover,BitFlipMutation,RunNum=10,102.52
NSGA2,UniformCrossover,DynamicBitFlipMutation,RunNum=1,125.85
NSGA2,UniformCrossover,DynamicBitFlipMutation,RunNum=2,96.21
NSGA2,UniformCrossover,DynamicBitFlipMutation,RunNum=3,77.81
NSGA2,UniformCrossover,DynamicBitFlipMutation,RunNum=4,110.15
NSGA2,UniformCrossover,DynamicBitFlipMutation,RunNum=5,92.76
NSGA2,UniformCrossover,DynamicBitFlipMutation,RunNum=6,103.0
NSGA2,UniformCrossover,DynamicBitFlipMutation,RunNum=7,79.49
NSGA2,UniformCrossover,DynamicBitFlipMutation,RunNum=8,100.32
NSGA2,UniformCrossover,DynamicBitFlipMutation,RunNum=9,82.6
NSGA2,UniformCrossover,DynamicBitFlipMutation,RunNum=10,88.82
NSGA2,UniformCrossover,InterchangingMutation,RunNum=1,126.39
NSGA2,UniformCrossover,InterchangingMutation,RunNum=2,189.91
NSGA2,UniformCrossover,InterchangingMutation,RunNum=3,134.61
NSGA2,UniformCrossover,InterchangingMutation,RunNum=4,149.43
NSGA2,UniformCrossover,InterchangingMutation,RunNum=5,197.44
NSGA2,UniformCrossover,InterchangingMutation,RunNum=6,190.73
NSGA2,UniformCrossover,InterchangingMutation,RunNum=7,367.61
NSGA2,UniformCrossover,InterchangingMutation,RunNum=8,186.57
NSGA2,UniformCrossover,InterchangingMutation,RunNum=9,127.96
NSGA2,UniformCrossover,InterchangingMutation,RunNum=10,158.23
NSGA2,UniformCrossover,OneBitFlipMutation,RunNum=1,136.51
NSGA2,UniformCrossover,OneBitFlipMutation,RunNum=2,150.89
NSGA2,UniformCrossover,OneBitFlipMutation,RunNum=3,157.53
NSGA2,UniformCrossover,OneBitFlipMutation,RunNum=4,131.75
NSGA2,UniformCrossover,OneBitFlipMutation,RunNum=5,147.69
NSGA2,UniformCrossover,OneBitFlipMutation,RunNum=6,594.32
NSGA2,UniformCrossover,OneBitFlipMutation,RunNum=7,299.92
NSGA2,UniformCrossover,OneBitFlipMutation,RunNum=8,91.37
NSGA2,UniformCrossover,OneBitFlipMutation,RunNum=9,195.24
NSGA2,UniformCrossover,OneBitFlipMutation,RunNum=10,485.38
NSGA2,UniformCrossover,GreedyMutation,RunNum=1,NaN
NSGA2,UniformCrossover,GreedyMutation,RunNum=2,NaN
NSGA2,UniformCrossover,GreedyMutation,RunNum=3,NaN
NSGA2,UniformCrossover,GreedyMutation,RunNum=4,NaN
NSGA2,UniformCrossover,GreedyMutation,RunNum=5,NaN
NSGA2,UniformCrossover,GreedyMutation,RunNum=6,NaN
NSGA2,UniformCrossover,GreedyMutation,RunNum=7,NaN
NSGA2,UniformCrossover,GreedyMutation,RunNum=8,NaN
NSGA2,UniformCrossover,GreedyMutation,RunNum=9,NaN
NSGA2,UniformCrossover,GreedyMutation,RunNum=10,NaN
NSGA2,UniformCrossover,ReversingMutation,RunNum=1,148.17
NSGA2,UniformCrossover,ReversingMutation,RunNum=2,109.73
NSGA2,UniformCrossover,ReversingMutation,RunNum=3,260.0
NSGA2,UniformCrossover,ReversingMutation,RunNum=4,154.93
NSGA2,UniformCrossover,ReversingMutation,RunNum=5,141.39
NSGA2,UniformCrossover,ReversingMutation,RunNum=6,98.75
NSGA2,UniformCrossover,ReversingMutation,RunNum=7,399.56
NSGA2,UniformCrossover,ReversingMutation,RunNum=8,108.87
NSGA2,UniformCrossover,ReversingMutation,RunNum=9,125.8
NSGA2,UniformCrossover,ReversingMutation,RunNum=10,168.95
NSGA2,UniformCrossover,BitFlipMutation,RunNum=1,104.32
NSGA2,UniformCrossover,BitFlipMutation,RunNum=2,94.78
NSGA2,UniformCrossover,BitFlipMutation,RunNum=3,110.21
NSGA2,UniformCrossover,BitFlipMutation,RunNum=4,95.93
NSGA2,UniformCrossover,BitFlipMutation,RunNum=5,95.12
NSGA2,UniformCrossover,BitFlipMutation,RunNum=6,125.12
NSGA2,UniformCrossover,BitFlipMutation,RunNum=7,116.77
NSGA2,UniformCrossover,BitFlipMutation,RunNum=8,75.71
NSGA2,UniformCrossover,BitFlipMutation,RunNum=9,82.83
NSGA2,UniformCrossover,BitFlipMutation,RunNum=10,82.82
NSGA2,ReducedSurrogateCrossover,DynamicBitFlipMutation,RunNum=1,102.62
NSGA2,ReducedSurrogateCrossover,DynamicBitFlipMutation,RunNum=2,141.69
NSGA2,ReducedSurrogateCrossover,DynamicBitFlipMutation,RunNum=3,145.59
NSGA2,ReducedSurrogateCrossover,DynamicBitFlipMutation,RunNum=4,141.64
NSGA2,ReducedSurrogateCrossover,DynamicBitFlipMutation,RunNum=5,134.73
NSGA2,ReducedSurrogateCrossover,DynamicBitFlipMutation,RunNum=6,129.04
NSGA2,ReducedSurrogateCrossover,DynamicBitFlipMutation,RunNum=7,146.7
NSGA2,ReducedSurrogateCrossover,DynamicBitFlipMutation,RunNum=8,159.71
NSGA2,ReducedSurrogateCrossover,DynamicBitFlipMutation,RunNum=9,142.57
NSGA2,ReducedSurrogateCrossover,DynamicBitFlipMutation,RunNum=10,137.59
NSGA2,ReducedSurrogateCrossover,InterchangingMutation,RunNum=1,NaN
NSGA2,ReducedSurrogateCrossover,InterchangingMutation,RunNum=2,NaN
NSGA2,ReducedSurrogateCrossover,InterchangingMutation,RunNum=3,NaN
NSGA2,ReducedSurrogateCrossover,InterchangingMutation,RunNum=4,NaN
NSGA2,ReducedSurrogateCrossover,InterchangingMutation,RunNum=5,NaN
NSGA2,ReducedSurrogateCrossover,InterchangingMutation,RunNum=6,NaN
NSGA2,ReducedSurrogateCrossover,InterchangingMutation,RunNum=7,NaN
NSGA2,ReducedSurrogateCrossover,InterchangingMutation,RunNum=8,NaN
NSGA2,ReducedSurrogateCrossover,InterchangingMutation,RunNum=9,NaN
NSGA2,ReducedSurrogateCrossover,InterchangingMutation,RunNum=10,NaN
NSGA2,ReducedSurrogateCrossover,OneBitFlipMutation,RunNum=1,NaN
NSGA2,ReducedSurrogateCrossover,OneBitFlipMutation,RunNum=2,NaN
NSGA2,ReducedSurrogateCrossover,OneBitFlipMutation,RunNum=3,NaN
NSGA2,ReducedSurrogateCrossover,OneBitFlipMutation,RunNum=4,NaN
NSGA2,ReducedSurrogateCrossover,OneBitFlipMutation,RunNum=5,NaN
NSGA2,ReducedSurrogateCrossover,OneBitFlipMutation,RunNum=6,NaN
NSGA2,ReducedSurrogateCrossover,OneBitFlipMutation,RunNum=7,NaN
NSGA2,ReducedSurrogateCrossover,OneBitFlipMutation,RunNum=8,NaN
NSGA2,ReducedSurrogateCrossover,OneBitFlipMutation,RunNum=9,NaN
NSGA2,ReducedSurrogateCrossover,OneBitFlipMutation,RunNum=10,NaN
NSGA2,ReducedSurrogateCrossover,GreedyMutation,RunNum=1,NaN
NSGA2,ReducedSurrogateCrossover,GreedyMutation,RunNum=2,NaN
NSGA2,ReducedSurrogateCrossover,GreedyMutation,RunNum=3,NaN
NSGA2,ReducedSurrogateCrossover,GreedyMutation,RunNum=4,NaN
NSGA2,ReducedSurrogateCrossover,GreedyMutation,RunNum=5,NaN
NSGA2,ReducedSurrogateCrossover,GreedyMutation,RunNum=6,NaN
NSGA2,ReducedSurrogateCrossover,GreedyMutation,RunNum=7,NaN
NSGA2,ReducedSurrogateCrossover,GreedyMutation,RunNum=8,NaN
NSGA2,ReducedSurrogateCrossover,GreedyMutation,RunNum=9,NaN
NSGA2,ReducedSurrogateCrossover,GreedyMutation,RunNum=10,NaN
NSGA2,ReducedSurrogateCrossover,ReversingMutation,RunNum=1,NaN
NSGA2,ReducedSurrogateCrossover,ReversingMutation,RunNum=2,159.24
NSGA2,ReducedSurrogateCrossover,ReversingMutation,RunNum=3,NaN
NSGA2,ReducedSurrogateCrossover,ReversingMutation,RunNum=4,NaN
NSGA2,ReducedSurrogateCrossover,ReversingMutation,RunNum=5,NaN
NSGA2,ReducedSurrogateCrossover,ReversingMutation,RunNum=6,NaN
NSGA2,ReducedSurrogateCrossover,ReversingMutation,RunNum=7,NaN
NSGA2,ReducedSurrogateCrossover,ReversingMutation,RunNum=8,120.77
NSGA2,ReducedSurrogateCrossover,ReversingMutation,RunNum=9,NaN
NSGA2,ReducedSurrogateCrossover,ReversingMutation,RunNum=10,NaN
NSGA2,ReducedSurrogateCrossover,BitFlipMutation,RunNum=1,NaN
NSGA2,ReducedSurrogateCrossover,BitFlipMutation,RunNum=2,NaN
NSGA2,ReducedSurrogateCrossover,BitFlipMutation,RunNum=3,NaN
NSGA2,ReducedSurrogateCrossover,BitFlipMutation,RunNum=4,NaN
NSGA2,ReducedSurrogateCrossover,BitFlipMutation,RunNum=5,NaN
NSGA2,ReducedSurrogateCrossover,BitFlipMutation,RunNum=6,NaN
NSGA2,ReducedSurrogateCrossover,BitFlipMutation,RunNum=7,NaN
NSGA2,ReducedSurrogateCrossover,BitFlipMutation,RunNum=8,NaN
NSGA2,ReducedSurrogateCrossover,BitFlipMutation,RunNum=9,NaN
NSGA2,ReducedSurrogateCrossover,BitFlipMutation,RunNum=10,NaN
NSGA2,ArithmeticCrossover,DynamicBitFlipMutation,RunNum=1,285.69
NSGA2,ArithmeticCrossover,DynamicBitFlipMutation,RunNum=2,195.07
NSGA2,ArithmeticCrossover,DynamicBitFlipMutation,RunNum=3,232.99
NSGA2,ArithmeticCrossover,DynamicBitFlipMutation,RunNum=4,224.86
NSGA2,ArithmeticCrossover,DynamicBitFlipMutation,RunNum=5,265.13
NSGA2,ArithmeticCrossover,DynamicBitFlipMutation,RunNum=6,193.76
NSGA2,ArithmeticCrossover,DynamicBitFlipMutation,RunNum=7,545.58
NSGA2,ArithmeticCrossover,DynamicBitFlipMutation,RunNum=8,403.75
NSGA2,ArithmeticCrossover,DynamicBitFlipMutation,RunNum=9,175.54
NSGA2,ArithmeticCrossover,DynamicBitFlipMutation,RunNum=10,201.94
NSGA2,ArithmeticCrossover,InterchangingMutation,RunNum=1,181.78
NSGA2,ArithmeticCrossover,InterchangingMutation,RunNum=2,1514.35
NSGA2,ArithmeticCrossover,InterchangingMutation,RunNum=3,180.1
NSGA2,ArithmeticCrossover,InterchangingMutation,RunNum=4,145.24
NSGA2,ArithmeticCrossover,InterchangingMutation,RunNum=5,211.98
NSGA2,ArithmeticCrossover,InterchangingMutation,RunNum=6,127.27
NSGA2,ArithmeticCrossover,InterchangingMutation,RunNum=7,607.82
NSGA2,ArithmeticCrossover,InterchangingMutation,RunNum=8,312.24
NSGA2,ArithmeticCrossover,InterchangingMutation,RunNum=9,289.44
NSGA2,ArithmeticCrossover,InterchangingMutation,RunNum=10,289.88
NSGA2,ArithmeticCrossover,OneBitFlipMutation,RunNum=1,363.48
NSGA2,ArithmeticCrossover,OneBitFlipMutation,RunNum=2,453.85
NSGA2,ArithmeticCrossover,OneBitFlipMutation,RunNum=3,328.08
NSGA2,ArithmeticCrossover,OneBitFlipMutation,RunNum=4,406.57
NSGA2,ArithmeticCrossover,OneBitFlipMutation,RunNum=5,545.49
NSGA2,ArithmeticCrossover,OneBitFlipMutation,RunNum=6,2053.71
NSGA2,ArithmeticCrossover,OneBitFlipMutation,RunNum=7,233.33
NSGA2,ArithmeticCrossover,OneBitFlipMutation,RunNum=8,499.04
NSGA2,ArithmeticCrossover,OneBitFlipMutation,RunNum=9,1155.23
NSGA2,ArithmeticCrossover,OneBitFlipMutation,RunNum=10,247.94
NSGA2,ArithmeticCrossover,GreedyMutation,RunNum=1,1895.19
NSGA2,ArithmeticCrossover,GreedyMutation,RunNum=2,619.44
NSGA2,ArithmeticCrossover,GreedyMutation,RunNum=3,1377.9
NSGA2,ArithmeticCrossover,GreedyMutation,RunNum=4,312.87
NSGA2,ArithmeticCrossover,GreedyMutation,RunNum=5,974.92
NSGA2,ArithmeticCrossover,GreedyMutation,RunNum=6,284.94
NSGA2,ArithmeticCrossover,GreedyMutation,RunNum=7,337.68
NSGA2,ArithmeticCrossover,GreedyMutation,RunNum=8,300.49
NSGA2,ArithmeticCrossover,GreedyMutation,RunNum=9,1385.22
NSGA2,ArithmeticCrossover,GreedyMutation,RunNum=10,347.3
NSGA2,ArithmeticCrossover,ReversingMutation,RunNum=1,1451.86
NSGA2,ArithmeticCrossover,ReversingMutation,RunNum=2,193.78
NSGA2,ArithmeticCrossover,ReversingMutation,RunNum=3,141.12
NSGA2,ArithmeticCrossover,ReversingMutation,RunNum=4,458.62
NSGA2,ArithmeticCrossover,ReversingMutation,RunNum=5,326.3
NSGA2,ArithmeticCrossover,ReversingMutation,RunNum=6,181.61
NSGA2,ArithmeticCrossover,ReversingMutation,RunNum=7,343.24
NSGA2,ArithmeticCrossover,ReversingMutation,RunNum=8,210.8
NSGA2,ArithmeticCrossover,ReversingMutation,RunNum=9,1196.99
NSGA2,ArithmeticCrossover,ReversingMutation,RunNum=10,167.21
NSGA2,ArithmeticCrossover,BitFlipMutation,RunNum=1,297.38
NSGA2,ArithmeticCrossover,BitFlipMutation,RunNum=2,229.27
NSGA2,ArithmeticCrossover,BitFlipMutation,RunNum=3,1106.36
NSGA2,ArithmeticCrossover,BitFlipMutation,RunNum=4,568.44
NSGA2,ArithmeticCrossover,BitFlipMutation,RunNum=5,145.76
NSGA2,ArithmeticCrossover,BitFlipMutation,RunNum=6,190.18
NSGA2,ArithmeticCrossover,BitFlipMutation,RunNum=7,152.81
NSGA2,ArithmeticCrossover,BitFlipMutation,RunNum=8,184.31
NSGA2,ArithmeticCrossover,BitFlipMutation,RunNum=9,341.41
NSGA2,ArithmeticCrossover,BitFlipMutation,RunNum=10,181.42
NSGA2,HUXCrossover,DynamicBitFlipMutation,RunNum=1,104.59
NSGA2,HUXCrossover,DynamicBitFlipMutation,RunNum=2,99.4
NSGA2,HUXCrossover,DynamicBitFlipMutation,RunNum=3,141.52
NSGA2,HUXCrossover,DynamicBitFlipMutation,RunNum=4,89.08
NSGA2,HUXCrossover,DynamicBitFlipMutation,RunNum=5,340.11
NSGA2,HUXCrossover,DynamicBitFlipMutation,RunNum=6,74.6
NSGA2,HUXCrossover,DynamicBitFlipMutation,RunNum=7,125.83
NSGA2,HUXCrossover,DynamicBitFlipMutation,RunNum=8,126.22
NSGA2,HUXCrossover,DynamicBitFlipMutation,RunNum=9,113.3
NSGA2,HUXCrossover,DynamicBitFlipMutation,RunNum=10,120.56
NSGA2,HUXCrossover,InterchangingMutation,RunNum=1,228.05
NSGA2,HUXCrossover,InterchangingMutation,RunNum=2,102.59
NSGA2,HUXCrossover,InterchangingMutation,RunNum=3,252.03
NSGA2,HUXCrossover,InterchangingMutation,RunNum=4,151.6
NSGA2,HUXCrossover,InterchangingMutation,RunNum=5,160.68
NSGA2,HUXCrossover,InterchangingMutation,RunNum=6,170.14
NSGA2,HUXCrossover,InterchangingMutation,RunNum=7,176.81
NSGA2,HUXCrossover,InterchangingMutation,RunNum=8,153.72
NSGA2,HUXCrossover,InterchangingMutation,RunNum=9,148.95
NSGA2,HUXCrossover,InterchangingMutation,RunNum=10,192.51
NSGA2,HUXCrossover,OneBitFlipMutation,RunNum=1,195.56
NSGA2,HUXCrossover,OneBitFlipMutation,RunNum=2,161.45
NSGA2,HUXCrossover,OneBitFlipMutation,RunNum=3,236.87
NSGA2,HUXCrossover,OneBitFlipMutation,RunNum=4,128.32
NSGA2,HUXCrossover,OneBitFlipMutation,RunNum=5,200.02
NSGA2,HUXCrossover,OneBitFlipMutation,RunNum=6,649.95
NSGA2,HUXCrossover,OneBitFlipMutation,RunNum=7,201.25
NSGA2,HUXCrossover,OneBitFlipMutation,RunNum=8,263.68
NSGA2,HUXCrossover,OneBitFlipMutation,RunNum=9,679.33
NSGA2,HUXCrossover,OneBitFlipMutation,RunNum=10,675.55
NSGA2,HUXCrossover,GreedyMutation,RunNum=1,NaN
NSGA2,HUXCrossover,GreedyMutation,RunNum=2,NaN
NSGA2,HUXCrossover,GreedyMutation,RunNum=3,NaN
NSGA2,HUXCrossover,GreedyMutation,RunNum=4,NaN
NSGA2,HUXCrossover,GreedyMutation,RunNum=5,NaN
NSGA2,HUXCrossover,GreedyMutation,RunNum=6,NaN
NSGA2,HUXCrossover,GreedyMutation,RunNum=7,NaN
NSGA2,HUXCrossover,GreedyMutation,RunNum=8,NaN
NSGA2,HUXCrossover,GreedyMutation,RunNum=9,NaN
NSGA2,HUXCrossover,GreedyMutation,RunNum=10,NaN
NSGA2,HUXCrossover,ReversingMutation,RunNum=1,123.98
NSGA2,HUXCrossover,ReversingMutation,RunNum=2,131.34
NSGA2,HUXCrossover,ReversingMutation,RunNum=3,685.59
NSGA2,HUXCrossover,ReversingMutation,RunNum=4,117.91
NSGA2,HUXCrossover,ReversingMutation,RunNum=5,142.23
NSGA2,HUXCrossover,ReversingMutation,RunNum=6,268.64
NSGA2,HUXCrossover,ReversingMutation,RunNum=7,98.41
NSGA2,HUXCrossover,ReversingMutation,RunNum=8,115.14
NSGA2,HUXCrossover,ReversingMutation,RunNum=9,266.26
NSGA2,HUXCrossover,ReversingMutation,RunNum=10,143.72
NSGA2,HUXCrossover,BitFlipMutation,RunNum=1,99.67
NSGA2,HUXCrossover,BitFlipMutation,RunNum=2,79.93
NSGA2,HUXCrossover,BitFlipMutation,RunNum=3,108.72
NSGA2,HUXCrossover,BitFlipMutation,RunNum=4,129.16
NSGA2,HUXCrossover,BitFlipMutation,RunNum=5,102.81
NSGA2,HUXCrossover,BitFlipMutation,RunNum=6,94.86
NSGA2,HUXCrossover,BitFlipMutation,RunNum=7,91.49
NSGA2,HUXCrossover,BitFlipMutation,RunNum=8,80.69
NSGA2,HUXCrossover,BitFlipMutation,RunNum=9,157.02
NSGA2,HUXCrossover,BitFlipMutation,RunNum=10,93.19
