SPEA2,GroupPointCrossover,DynamicBitFlipMutation,RunNum=1,95.41
SPEA2,GroupPointCrossover,DynamicBitFlipMutation,RunNum=2,94.9
SPEA2,GroupPointCrossover,DynamicBitFlipMutation,RunNum=3,60.09
SPEA2,GroupPointCrossover,DynamicBitFlipMutation,RunNum=4,99.62
SPEA2,GroupPointCrossover,DynamicBitFlipMutation,RunNum=5,587.8
SPEA2,GroupPointCrossover,DynamicBitFlipMutation,RunNum=6,176.9
SPEA2,GroupPointCrossover,DynamicBitFlipMutation,RunNum=7,267.6
SPEA2,GroupPointCrossover,DynamicBitFlipMutation,RunNum=8,8763.41
SPEA2,GroupPointCrossover,DynamicBitFlipMutation,RunNum=9,206.67
SPEA2,GroupPointCrossover,DynamicBitFlipMutation,RunNum=10,67.41
SPEA2,GroupPointCrossover,InterchangingMutation,RunNum=1,94.74
SPEA2,GroupPointCrossover,InterchangingMutation,RunNum=2,67.84
SPEA2,GroupPointCrossover,InterchangingMutation,RunNum=3,103.31
SPEA2,GroupPointCrossover,InterchangingMutation,RunNum=4,153.45
SPEA2,GroupPointCrossover,InterchangingMutation,RunNum=5,104.13
SPEA2,GroupPointCrossover,InterchangingMutation,RunNum=6,117.44
SPEA2,GroupPointCrossover,InterchangingMutation,RunNum=7,94.97
SPEA2,GroupPointCrossover,InterchangingMutation,RunNum=8,425.28
SPEA2,GroupPointCrossover,InterchangingMutation,RunNum=9,94.27
SPEA2,GroupPointCrossover,InterchangingMutation,RunNum=10,152.01
SPEA2,GroupPointCrossover,OneBitFlipMutation,RunNum=1,148.85
SPEA2,GroupPointCrossover,OneBitFlipMutation,RunNum=2,65.94
SPEA2,GroupPointCrossover,OneBitFlipMutation,RunNum=3,88.09
SPEA2,GroupPointCrossover,OneBitFlipMutation,RunNum=4,67.41
SPEA2,GroupPointCrossover,OneBitFlipMutation,RunNum=5,48.42
SPEA2,GroupPointCrossover,OneBitFlipMutation,RunNum=6,68.65
SPEA2,GroupPointCrossover,OneBitFlipMutation,RunNum=7,47.86
SPEA2,GroupPointCrossover,OneBitFlipMutation,RunNum=8,56.98
SPEA2,GroupPointCrossover,OneBitFlipMutation,RunNum=9,70.42
SPEA2,GroupPointCrossover,OneBitFlipMutation,RunNum=10,147.63
SPEA2,GroupPointCrossover,GreedyMutation,RunNum=1,48.23
SPEA2,GroupPointCrossover,GreedyMutation,RunNum=2,50.87
SPEA2,GroupPointCrossover,GreedyMutation,RunNum=3,132.92
SPEA2,GroupPointCrossover,GreedyMutation,RunNum=4,262.89
SPEA2,GroupPointCrossover,GreedyMutation,RunNum=5,41.55
SPEA2,GroupPointCrossover,GreedyMutation,RunNum=6,65.39
SPEA2,GroupPointCrossover,GreedyMutation,RunNum=7,45.88
SPEA2,GroupPointCrossover,GreedyMutation,RunNum=8,108.84
SPEA2,GroupPointCrossover,GreedyMutation,RunNum=9,42.13
SPEA2,GroupPointCrossover,GreedyMutation,RunNum=10,100.2
SPEA2,GroupPointCrossover,ReversingMutation,RunNum=1,70.39
SPEA2,GroupPointCrossover,ReversingMutation,RunNum=2,128.92
SPEA2,GroupPointCrossover,ReversingMutation,RunNum=3,73.85
SPEA2,GroupPointCrossover,ReversingMutation,RunNum=4,89.75
SPEA2,GroupPointCrossover,ReversingMutation,RunNum=5,267.14
SPEA2,GroupPointCrossover,ReversingMutation,RunNum=6,86.12
SPEA2,GroupPointCrossover,ReversingMutation,RunNum=7,85.84
SPEA2,GroupPointCrossover,ReversingMutation,RunNum=8,114.01
SPEA2,GroupPointCrossover,ReversingMutation,RunNum=9,54.98
SPEA2,GroupPointCrossover,ReversingMutation,RunNum=10,107.07
SPEA2,GroupPointCrossover,BitFlipMutation,RunNum=1,72755.98
SPEA2,GroupPointCrossover,BitFlipMutation,RunNum=2,51.37
SPEA2,GroupPointCrossover,BitFlipMutation,RunNum=3,50.01
SPEA2,GroupPointCrossover,BitFlipMutation,RunNum=4,34.81
SPEA2,GroupPointCrossover,BitFlipMutation,RunNum=5,49.64
SPEA2,GroupPointCrossover,BitFlipMutation,RunNum=6,43.85
SPEA2,GroupPointCrossover,BitFlipMutation,RunNum=7,44.62
SPEA2,GroupPointCrossover,BitFlipMutation,RunNum=8,42.11
SPEA2,GroupPointCrossover,BitFlipMutation,RunNum=9,68.93
SPEA2,GroupPointCrossover,BitFlipMutation,RunNum=10,68.7
SPEA2,SinglePointCrossover,DynamicBitFlipMutation,RunNum=1,60.09
SPEA2,SinglePointCrossover,DynamicBitFlipMutation,RunNum=2,45.77
SPEA2,SinglePointCrossover,DynamicBitFlipMutation,RunNum=3,263.43
SPEA2,SinglePointCrossover,DynamicBitFlipMutation,RunNum=4,35.15
SPEA2,SinglePointCrossover,DynamicBitFlipMutation,RunNum=5,84.32
SPEA2,SinglePointCrossover,DynamicBitFlipMutation,RunNum=6,150.12
SPEA2,SinglePointCrossover,DynamicBitFlipMutation,RunNum=7,41.77
SPEA2,SinglePointCrossover,DynamicBitFlipMutation,RunNum=8,64.71
SPEA2,SinglePointCrossover,DynamicBitFlipMutation,RunNum=9,52.57
SPEA2,SinglePointCrossover,DynamicBitFlipMutation,RunNum=10,130.22
SPEA2,SinglePointCrossover,InterchangingMutation,RunNum=1,363.03
SPEA2,SinglePointCrossover,InterchangingMutation,RunNum=2,105.06
SPEA2,SinglePointCrossover,InterchangingMutation,RunNum=3,131.42
SPEA2,SinglePointCrossover,InterchangingMutation,RunNum=4,123.73
SPEA2,SinglePointCrossover,InterchangingMutation,RunNum=5,85.93
SPEA2,SinglePointCrossover,InterchangingMutation,RunNum=6,69.62
SPEA2,SinglePointCrossover,InterchangingMutation,RunNum=7,51.22
SPEA2,SinglePointCrossover,InterchangingMutation,RunNum=8,225.83
SPEA2,SinglePointCrossover,InterchangingMutation,RunNum=9,717.93
SPEA2,SinglePointCrossover,InterchangingMutation,RunNum=10,166.72
SPEA2,SinglePointCrossover,OneBitFlipMutation,RunNum=1,56.14
SPEA2,SinglePointCrossover,OneBitFlipMutation,RunNum=2,62.6
SPEA2,SinglePointCrossover,OneBitFlipMutation,RunNum=3,60.93
SPEA2,SinglePointCrossover,OneBitFlipMutation,RunNum=4,44.69
SPEA2,SinglePointCrossover,OneBitFlipMutation,RunNum=5,261.47
SPEA2,SinglePointCrossover,OneBitFlipMutation,RunNum=6,64.11
SPEA2,SinglePointCrossover,OneBitFlipMutation,RunNum=7,170.38
SPEA2,SinglePointCrossover,OneBitFlipMutation,RunNum=8,98.33
SPEA2,SinglePointCrossover,OneBitFlipMutation,RunNum=9,112.27
SPEA2,SinglePointCrossover,OneBitFlipMutation,RunNum=10,65.67
SPEA2,SinglePointCrossover,GreedyMutation,RunNum=1,59.84
SPEA2,SinglePointCrossover,GreedyMutation,RunNum=2,37.88
SPEA2,SinglePointCrossover,GreedyMutation,RunNum=3,75.82
SPEA2,SinglePointCrossover,GreedyMutation,RunNum=4,52.7
SPEA2,SinglePointCrossover,GreedyMutation,RunNum=5,63.99
SPEA2,SinglePointCrossover,GreedyMutation,RunNum=6,52.95
SPEA2,SinglePointCrossover,GreedyMutation,RunNum=7,127.45
SPEA2,SinglePointCrossover,GreedyMutation,RunNum=8,74.62
SPEA2,SinglePointCrossover,GreedyMutation,RunNum=9,54.57
SPEA2,SinglePointCrossover,GreedyMutation,RunNum=10,40.03
SPEA2,SinglePointCrossover,ReversingMutation,RunNum=1,229.97
SPEA2,SinglePointCrossover,ReversingMutation,RunNum=2,1129.57
SPEA2,SinglePointCrossover,ReversingMutation,RunNum=3,52.84
SPEA2,SinglePointCrossover,ReversingMutation,RunNum=4,73.75
SPEA2,SinglePointCrossover,ReversingMutation,RunNum=5,109.02
SPEA2,SinglePointCrossover,ReversingMutation,RunNum=6,50.53
SPEA2,SinglePointCrossover,ReversingMutation,RunNum=7,108.6
SPEA2,SinglePointCrossover,ReversingMutation,RunNum=8,99.25
SPEA2,SinglePointCrossover,ReversingMutation,RunNum=9,66.26
SPEA2,SinglePointCrossover,ReversingMutation,RunNum=10,76.99
SPEA2,SinglePointCrossover,BitFlipMutation,RunNum=1,51.01
SPEA2,SinglePointCrossover,BitFlipMutation,RunNum=2,29.28
SPEA2,SinglePointCrossover,BitFlipMutation,RunNum=3,38.73
SPEA2,SinglePointCrossover,BitFlipMutation,RunNum=4,48.37
SPEA2,SinglePointCrossover,BitFlipMutation,RunNum=5,35.3
SPEA2,SinglePointCrossover,BitFlipMutation,RunNum=6,172.23
SPEA2,SinglePointCrossover,BitFlipMutation,RunNum=7,45.57
SPEA2,SinglePointCrossover,BitFlipMutation,RunNum=8,49.84
SPEA2,SinglePointCrossover,BitFlipMutation,RunNum=9,34.14
SPEA2,SinglePointCrossover,BitFlipMutation,RunNum=10,40.35
SPEA2,UniformCrossover,DynamicBitFlipMutation,RunNum=1,77.83
SPEA2,UniformCrossover,DynamicBitFlipMutation,RunNum=2,60.85
SPEA2,UniformCrossover,DynamicBitFlipMutation,RunNum=3,188.1
SPEA2,UniformCrossover,DynamicBitFlipMutation,RunNum=4,61.18
SPEA2,UniformCrossover,DynamicBitFlipMutation,RunNum=5,54.99
SPEA2,UniformCrossover,DynamicBitFlipMutation,RunNum=6,49.18
SPEA2,UniformCrossover,DynamicBitFlipMutation,RunNum=7,66.3
SPEA2,UniformCrossover,DynamicBitFlipMutation,RunNum=8,50.73
SPEA2,UniformCrossover,DynamicBitFlipMutation,RunNum=9,106.15
SPEA2,UniformCrossover,DynamicBitFlipMutation,RunNum=10,47.17
SPEA2,UniformCrossover,InterchangingMutation,RunNum=1,174.03
SPEA2,UniformCrossover,InterchangingMutation,RunNum=2,88.88
SPEA2,UniformCrossover,InterchangingMutation,RunNum=3,94.93
SPEA2,UniformCrossover,InterchangingMutation,RunNum=4,64.72
SPEA2,UniformCrossover,InterchangingMutation,RunNum=5,53.7
SPEA2,UniformCrossover,InterchangingMutation,RunNum=6,131.48
SPEA2,UniformCrossover,InterchangingMutation,RunNum=7,51.02
SPEA2,UniformCrossover,InterchangingMutation,RunNum=8,63.49
SPEA2,UniformCrossover,InterchangingMutation,RunNum=9,142.19
SPEA2,UniformCrossover,InterchangingMutation,RunNum=10,79
SPEA2,UniformCrossover,OneBitFlipMutation,RunNum=1,47.23
SPEA2,UniformCrossover,OneBitFlipMutation,RunNum=2,2149.13
SPEA2,UniformCrossover,OneBitFlipMutation,RunNum=3,93.61
SPEA2,UniformCrossover,OneBitFlipMutation,RunNum=4,331.59
SPEA2,UniformCrossover,OneBitFlipMutation,RunNum=5,7914.73
SPEA2,UniformCrossover,OneBitFlipMutation,RunNum=6,299.55
SPEA2,UniformCrossover,OneBitFlipMutation,RunNum=7,59.75
SPEA2,UniformCrossover,OneBitFlipMutation,RunNum=8,273.96
SPEA2,UniformCrossover,OneBitFlipMutation,RunNum=9,63.06
SPEA2,UniformCrossover,OneBitFlipMutation,RunNum=10,69.48
SPEA2,UniformCrossover,GreedyMutation,RunNum=1,86.47
SPEA2,UniformCrossover,GreedyMutation,RunNum=2,94.7
SPEA2,UniformCrossover,GreedyMutation,RunNum=3,56.09
SPEA2,UniformCrossover,GreedyMutation,RunNum=4,43.55
SPEA2,UniformCrossover,GreedyMutation,RunNum=5,48.09
SPEA2,UniformCrossover,GreedyMutation,RunNum=6,72.65
SPEA2,UniformCrossover,GreedyMutation,RunNum=7,72.11
SPEA2,UniformCrossover,GreedyMutation,RunNum=8,60.4
SPEA2,UniformCrossover,GreedyMutation,RunNum=9,77.77
SPEA2,UniformCrossover,GreedyMutation,RunNum=10,105.81
SPEA2,UniformCrossover,ReversingMutation,RunNum=1,351.67
SPEA2,UniformCrossover,ReversingMutation,RunNum=2,62.61
SPEA2,UniformCrossover,ReversingMutation,RunNum=3,54.11
SPEA2,UniformCrossover,ReversingMutation,RunNum=4,53.01
SPEA2,UniformCrossover,ReversingMutation,RunNum=5,106.63
SPEA2,UniformCrossover,ReversingMutation,RunNum=6,136.77
SPEA2,UniformCrossover,ReversingMutation,RunNum=7,42.35
SPEA2,UniformCrossover,ReversingMutation,RunNum=8,72.04
SPEA2,UniformCrossover,ReversingMutation,RunNum=9,71.21
SPEA2,UniformCrossover,ReversingMutation,RunNum=10,86.31
SPEA2,UniformCrossover,BitFlipMutation,RunNum=1,51.44
SPEA2,UniformCrossover,BitFlipMutation,RunNum=2,352.01
SPEA2,UniformCrossover,BitFlipMutation,RunNum=3,70.99
SPEA2,UniformCrossover,BitFlipMutation,RunNum=4,41.87
SPEA2,UniformCrossover,BitFlipMutation,RunNum=5,84.02
SPEA2,UniformCrossover,BitFlipMutation,RunNum=6,57.26
SPEA2,UniformCrossover,BitFlipMutation,RunNum=7,147.65
SPEA2,UniformCrossover,BitFlipMutation,RunNum=8,80.18
SPEA2,UniformCrossover,BitFlipMutation,RunNum=9,61.55
SPEA2,UniformCrossover,BitFlipMutation,RunNum=10,36.6
SPEA2,ReducedSurrogateCrossover,DynamicBitFlipMutation,RunNum=1,189.61
SPEA2,ReducedSurrogateCrossover,DynamicBitFlipMutation,RunNum=2,72.19
SPEA2,ReducedSurrogateCrossover,DynamicBitFlipMutation,RunNum=3,49.16
SPEA2,ReducedSurrogateCrossover,DynamicBitFlipMutation,RunNum=4,56.18
SPEA2,ReducedSurrogateCrossover,DynamicBitFlipMutation,RunNum=5,60.14
SPEA2,ReducedSurrogateCrossover,DynamicBitFlipMutation,RunNum=6,70.63
SPEA2,ReducedSurrogateCrossover,DynamicBitFlipMutation,RunNum=7,99.02
SPEA2,ReducedSurrogateCrossover,DynamicBitFlipMutation,RunNum=8,106.18
SPEA2,ReducedSurrogateCrossover,DynamicBitFlipMutation,RunNum=9,162.99
SPEA2,ReducedSurrogateCrossover,DynamicBitFlipMutation,RunNum=10,46.35
SPEA2,ReducedSurrogateCrossover,InterchangingMutation,RunNum=1,118.88
SPEA2,ReducedSurrogateCrossover,InterchangingMutation,RunNum=2,2325.15
SPEA2,ReducedSurrogateCrossover,InterchangingMutation,RunNum=3,93.24
SPEA2,ReducedSurrogateCrossover,InterchangingMutation,RunNum=4,153.81
SPEA2,ReducedSurrogateCrossover,InterchangingMutation,RunNum=5,192.86
SPEA2,ReducedSurrogateCrossover,InterchangingMutation,RunNum=6,130.52
SPEA2,ReducedSurrogateCrossover,InterchangingMutation,RunNum=7,221.72
SPEA2,ReducedSurrogateCrossover,InterchangingMutation,RunNum=8,214.27
SPEA2,ReducedSurrogateCrossover,InterchangingMutation,RunNum=9,98.04
SPEA2,ReducedSurrogateCrossover,InterchangingMutation,RunNum=10,129.66
SPEA2,ReducedSurrogateCrossover,OneBitFlipMutation,RunNum=1,169.52
SPEA2,ReducedSurrogateCrossover,OneBitFlipMutation,RunNum=2,7865.36
SPEA2,ReducedSurrogateCrossover,OneBitFlipMutation,RunNum=3,158.61
SPEA2,ReducedSurrogateCrossover,OneBitFlipMutation,RunNum=4,72.57
SPEA2,ReducedSurrogateCrossover,OneBitFlipMutation,RunNum=5,124.51
SPEA2,ReducedSurrogateCrossover,OneBitFlipMutation,RunNum=6,116.79
SPEA2,ReducedSurrogateCrossover,OneBitFlipMutation,RunNum=7,74.77
SPEA2,ReducedSurrogateCrossover,OneBitFlipMutation,RunNum=8,75.01
SPEA2,ReducedSurrogateCrossover,OneBitFlipMutation,RunNum=9,329.06
SPEA2,ReducedSurrogateCrossover,OneBitFlipMutation,RunNum=10,86.87
SPEA2,ReducedSurrogateCrossover,GreedyMutation,RunNum=1,62.21
SPEA2,ReducedSurrogateCrossover,GreedyMutation,RunNum=2,499.63
SPEA2,ReducedSurrogateCrossover,GreedyMutation,RunNum=3,68.72
SPEA2,ReducedSurrogateCrossover,GreedyMutation,RunNum=4,240.02
SPEA2,ReducedSurrogateCrossover,GreedyMutation,RunNum=5,82.85
SPEA2,ReducedSurrogateCrossover,GreedyMutation,RunNum=6,68.72
SPEA2,ReducedSurrogateCrossover,GreedyMutation,RunNum=7,252.28
SPEA2,ReducedSurrogateCrossover,GreedyMutation,RunNum=8,53.43
SPEA2,ReducedSurrogateCrossover,GreedyMutation,RunNum=9,104.21
SPEA2,ReducedSurrogateCrossover,GreedyMutation,RunNum=10,72.2
SPEA2,ReducedSurrogateCrossover,ReversingMutation,RunNum=1,92.4
SPEA2,ReducedSurrogateCrossover,ReversingMutation,RunNum=2,65.26
SPEA2,ReducedSurrogateCrossover,ReversingMutation,RunNum=3,313.91
SPEA2,ReducedSurrogateCrossover,ReversingMutation,RunNum=4,80.77
SPEA2,ReducedSurrogateCrossover,ReversingMutation,RunNum=5,75.62
SPEA2,ReducedSurrogateCrossover,ReversingMutation,RunNum=6,334.81
SPEA2,ReducedSurrogateCrossover,ReversingMutation,RunNum=7,158.69
SPEA2,ReducedSurrogateCrossover,ReversingMutation,RunNum=8,99.95
SPEA2,ReducedSurrogateCrossover,ReversingMutation,RunNum=9,190.89
SPEA2,ReducedSurrogateCrossover,ReversingMutation,RunNum=10,193.34
SPEA2,ReducedSurrogateCrossover,BitFlipMutation,RunNum=1,98.6
SPEA2,ReducedSurrogateCrossover,BitFlipMutation,RunNum=2,101.71
SPEA2,ReducedSurrogateCrossover,BitFlipMutation,RunNum=3,68.98
SPEA2,ReducedSurrogateCrossover,BitFlipMutation,RunNum=4,55.38
SPEA2,ReducedSurrogateCrossover,BitFlipMutation,RunNum=5,62.92
SPEA2,ReducedSurrogateCrossover,BitFlipMutation,RunNum=6,61.1
SPEA2,ReducedSurrogateCrossover,BitFlipMutation,RunNum=7,61.23
SPEA2,ReducedSurrogateCrossover,BitFlipMutation,RunNum=8,102.7
SPEA2,ReducedSurrogateCrossover,BitFlipMutation,RunNum=9,53.31
SPEA2,ReducedSurrogateCrossover,BitFlipMutation,RunNum=10,81.82
SPEA2,ArithmeticCrossover,DynamicBitFlipMutation,RunNum=1,127.56
SPEA2,ArithmeticCrossover,DynamicBitFlipMutation,RunNum=2,70.68
SPEA2,ArithmeticCrossover,DynamicBitFlipMutation,RunNum=3,790.62
SPEA2,ArithmeticCrossover,DynamicBitFlipMutation,RunNum=4,75.1
SPEA2,ArithmeticCrossover,DynamicBitFlipMutation,RunNum=5,134.77
SPEA2,ArithmeticCrossover,DynamicBitFlipMutation,RunNum=6,278.03
SPEA2,ArithmeticCrossover,DynamicBitFlipMutation,RunNum=7,73.49
SPEA2,ArithmeticCrossover,DynamicBitFlipMutation,RunNum=8,74.1
SPEA2,ArithmeticCrossover,DynamicBitFlipMutation,RunNum=9,60.13
SPEA2,ArithmeticCrossover,DynamicBitFlipMutation,RunNum=10,74.36
SPEA2,ArithmeticCrossover,InterchangingMutation,RunNum=1,8729.56
SPEA2,ArithmeticCrossover,InterchangingMutation,RunNum=2,216.84
SPEA2,ArithmeticCrossover,InterchangingMutation,RunNum=3,1261.51
SPEA2,ArithmeticCrossover,InterchangingMutation,RunNum=4,103.29
SPEA2,ArithmeticCrossover,InterchangingMutation,RunNum=5,134.84
SPEA2,ArithmeticCrossover,InterchangingMutation,RunNum=6,102.23
SPEA2,ArithmeticCrossover,InterchangingMutation,RunNum=7,159.5
SPEA2,ArithmeticCrossover,InterchangingMutation,RunNum=8,101.43
SPEA2,ArithmeticCrossover,InterchangingMutation,RunNum=9,204.66
SPEA2,ArithmeticCrossover,InterchangingMutation,RunNum=10,153.93
SPEA2,ArithmeticCrossover,OneBitFlipMutation,RunNum=1,190.72
SPEA2,ArithmeticCrossover,OneBitFlipMutation,RunNum=2,341.16
SPEA2,ArithmeticCrossover,OneBitFlipMutation,RunNum=3,84.02
SPEA2,ArithmeticCrossover,OneBitFlipMutation,RunNum=4,94.04
SPEA2,ArithmeticCrossover,OneBitFlipMutation,RunNum=5,130.57
SPEA2,ArithmeticCrossover,OneBitFlipMutation,RunNum=6,91.79
SPEA2,ArithmeticCrossover,OneBitFlipMutation,RunNum=7,123.24
SPEA2,ArithmeticCrossover,OneBitFlipMutation,RunNum=8,83.02
SPEA2,ArithmeticCrossover,OneBitFlipMutation,RunNum=9,1206.33
SPEA2,ArithmeticCrossover,OneBitFlipMutation,RunNum=10,288.37
SPEA2,ArithmeticCrossover,GreedyMutation,RunNum=1,44.41
SPEA2,ArithmeticCrossover,GreedyMutation,RunNum=2,69.53
SPEA2,ArithmeticCrossover,GreedyMutation,RunNum=3,87.58
SPEA2,ArithmeticCrossover,GreedyMutation,RunNum=4,709.89
SPEA2,ArithmeticCrossover,GreedyMutation,RunNum=5,49.43
SPEA2,ArithmeticCrossover,GreedyMutation,RunNum=6,87.39
SPEA2,ArithmeticCrossover,GreedyMutation,RunNum=7,31.14
SPEA2,ArithmeticCrossover,GreedyMutation,RunNum=8,90.34
SPEA2,ArithmeticCrossover,GreedyMutation,RunNum=9,40.94
SPEA2,ArithmeticCrossover,GreedyMutation,RunNum=10,82.45
SPEA2,ArithmeticCrossover,ReversingMutation,RunNum=1,117.56
SPEA2,ArithmeticCrossover,ReversingMutation,RunNum=2,149.82
SPEA2,ArithmeticCrossover,ReversingMutation,RunNum=3,74.58
SPEA2,ArithmeticCrossover,ReversingMutation,RunNum=4,99.46
SPEA2,ArithmeticCrossover,ReversingMutation,RunNum=5,143.28
SPEA2,ArithmeticCrossover,ReversingMutation,RunNum=6,69.68
SPEA2,ArithmeticCrossover,ReversingMutation,RunNum=7,81.95
SPEA2,ArithmeticCrossover,ReversingMutation,RunNum=8,101.52
SPEA2,ArithmeticCrossover,ReversingMutation,RunNum=9,125.65
SPEA2,ArithmeticCrossover,ReversingMutation,RunNum=10,104.96
SPEA2,ArithmeticCrossover,BitFlipMutation,RunNum=1,41.17
SPEA2,ArithmeticCrossover,BitFlipMutation,RunNum=2,86.38
SPEA2,ArithmeticCrossover,BitFlipMutation,RunNum=3,53.81
SPEA2,ArithmeticCrossover,BitFlipMutation,RunNum=4,47.87
SPEA2,ArithmeticCrossover,BitFlipMutation,RunNum=5,41.39
SPEA2,ArithmeticCrossover,BitFlipMutation,RunNum=6,47.54
SPEA2,ArithmeticCrossover,BitFlipMutation,RunNum=7,55.99
SPEA2,ArithmeticCrossover,BitFlipMutation,RunNum=8,39.73
SPEA2,ArithmeticCrossover,BitFlipMutation,RunNum=9,89.41
SPEA2,ArithmeticCrossover,BitFlipMutation,RunNum=10,68.35
SPEA2,HUXCrossover,DynamicBitFlipMutation,RunNum=1,78.94
SPEA2,HUXCrossover,DynamicBitFlipMutation,RunNum=2,33.28
SPEA2,HUXCrossover,DynamicBitFlipMutation,RunNum=3,105.71
SPEA2,HUXCrossover,DynamicBitFlipMutation,RunNum=4,51.76
SPEA2,HUXCrossover,DynamicBitFlipMutation,RunNum=5,181.08
SPEA2,HUXCrossover,DynamicBitFlipMutation,RunNum=6,106.34
SPEA2,HUXCrossover,DynamicBitFlipMutation,RunNum=7,39.09
SPEA2,HUXCrossover,DynamicBitFlipMutation,RunNum=8,63.11
SPEA2,HUXCrossover,DynamicBitFlipMutation,RunNum=9,83.18
SPEA2,HUXCrossover,DynamicBitFlipMutation,RunNum=10,80.72
SPEA2,HUXCrossover,InterchangingMutation,RunNum=1,267.87
SPEA2,HUXCrossover,InterchangingMutation,RunNum=2,96.67
SPEA2,HUXCrossover,InterchangingMutation,RunNum=3,53.84
SPEA2,HUXCrossover,InterchangingMutation,RunNum=4,2834.6
SPEA2,HUXCrossover,InterchangingMutation,RunNum=5,54.61
SPEA2,HUXCrossover,InterchangingMutation,RunNum=6,78.43
SPEA2,HUXCrossover,InterchangingMutation,RunNum=7,213.97
SPEA2,HUXCrossover,InterchangingMutation,RunNum=8,162.21
SPEA2,HUXCrossover,InterchangingMutation,RunNum=9,73.99
SPEA2,HUXCrossover,InterchangingMutation,RunNum=10,75.64
SPEA2,HUXCrossover,OneBitFlipMutation,RunNum=1,66.4
SPEA2,HUXCrossover,OneBitFlipMutation,RunNum=2,209.11
SPEA2,HUXCrossover,OneBitFlipMutation,RunNum=3,55.37
SPEA2,HUXCrossover,OneBitFlipMutation,RunNum=4,61.93
SPEA2,HUXCrossover,OneBitFlipMutation,RunNum=5,77.21
SPEA2,HUXCrossover,OneBitFlipMutation,RunNum=6,131.27
SPEA2,HUXCrossover,OneBitFlipMutation,RunNum=7,52.39
SPEA2,HUXCrossover,OneBitFlipMutation,RunNum=8,764.87
SPEA2,HUXCrossover,OneBitFlipMutation,RunNum=9,155.74
SPEA2,HUXCrossover,OneBitFlipMutation,RunNum=10,67.33
SPEA2,HUXCrossover,GreedyMutation,RunNum=1,63.14
SPEA2,HUXCrossover,GreedyMutation,RunNum=2,57.26
SPEA2,HUXCrossover,GreedyMutation,RunNum=3,46.58
SPEA2,HUXCrossover,GreedyMutation,RunNum=4,83.59
SPEA2,HUXCrossover,GreedyMutation,RunNum=5,59.69
SPEA2,HUXCrossover,GreedyMutation,RunNum=6,117.66
SPEA2,HUXCrossover,GreedyMutation,RunNum=7,44.5
SPEA2,HUXCrossover,GreedyMutation,RunNum=8,86.5
SPEA2,HUXCrossover,GreedyMutation,RunNum=9,51.41
SPEA2,HUXCrossover,GreedyMutation,RunNum=10,724.7
SPEA2,HUXCrossover,ReversingMutation,RunNum=1,78.07
SPEA2,HUXCrossover,ReversingMutation,RunNum=2,164.93
SPEA2,HUXCrossover,ReversingMutation,RunNum=3,124.73
SPEA2,HUXCrossover,ReversingMutation,RunNum=4,51.03
SPEA2,HUXCrossover,ReversingMutation,RunNum=5,103.78
SPEA2,HUXCrossover,ReversingMutation,RunNum=6,55.58
SPEA2,HUXCrossover,ReversingMutation,RunNum=7,210.38
SPEA2,HUXCrossover,ReversingMutation,RunNum=8,85.56
SPEA2,HUXCrossover,ReversingMutation,RunNum=9,80.48
SPEA2,HUXCrossover,ReversingMutation,RunNum=10,72.68
SPEA2,HUXCrossover,BitFlipMutation,RunNum=1,29.39
SPEA2,HUXCrossover,BitFlipMutation,RunNum=2,31.36
SPEA2,HUXCrossover,BitFlipMutation,RunNum=3,29.79
SPEA2,HUXCrossover,BitFlipMutation,RunNum=4,112.33
SPEA2,HUXCrossover,BitFlipMutation,RunNum=5,88.63
SPEA2,HUXCrossover,BitFlipMutation,RunNum=6,24.31
SPEA2,HUXCrossover,BitFlipMutation,RunNum=7,53.98
SPEA2,HUXCrossover,BitFlipMutation,RunNum=8,43.92
SPEA2,HUXCrossover,BitFlipMutation,RunNum=9,36.28
SPEA2,HUXCrossover,BitFlipMutation,RunNum=10,36.15
IBEA,GroupPointCrossover,DynamicBitFlipMutation,RunNum=1,NaN
IBEA,GroupPointCrossover,DynamicBitFlipMutation,RunNum=2,NaN
IBEA,GroupPointCrossover,DynamicBitFlipMutation,RunNum=3,NaN
IBEA,GroupPointCrossover,DynamicBitFlipMutation,RunNum=4,NaN
IBEA,GroupPointCrossover,DynamicBitFlipMutation,RunNum=5,NaN
IBEA,GroupPointCrossover,DynamicBitFlipMutation,RunNum=6,8.81
IBEA,GroupPointCrossover,DynamicBitFlipMutation,RunNum=7,NaN
IBEA,GroupPointCrossover,DynamicBitFlipMutation,RunNum=8,28.71
IBEA,GroupPointCrossover,DynamicBitFlipMutation,RunNum=9,NaN
IBEA,GroupPointCrossover,DynamicBitFlipMutation,RunNum=10,NaN
IBEA,GroupPointCrossover,InterchangingMutation,RunNum=1,7.29
IBEA,GroupPointCrossover,InterchangingMutation,RunNum=2,0.27
IBEA,GroupPointCrossover,InterchangingMutation,RunNum=3,13.09
IBEA,GroupPointCrossover,InterchangingMutation,RunNum=4,20.28
IBEA,GroupPointCrossover,InterchangingMutation,RunNum=5,10.18
IBEA,GroupPointCrossover,InterchangingMutation,RunNum=6,7.14
IBEA,GroupPointCrossover,InterchangingMutation,RunNum=7,48.32
IBEA,GroupPointCrossover,InterchangingMutation,RunNum=8,NaN
IBEA,GroupPointCrossover,InterchangingMutation,RunNum=9,0.16
IBEA,GroupPointCrossover,InterchangingMutation,RunNum=10,24.24
IBEA,GroupPointCrossover,OneBitFlipMutation,RunNum=1,NaN
IBEA,GroupPointCrossover,OneBitFlipMutation,RunNum=2,0.27
IBEA,GroupPointCrossover,OneBitFlipMutation,RunNum=3,1.59
IBEA,GroupPointCrossover,OneBitFlipMutation,RunNum=4,8.72
IBEA,GroupPointCrossover,OneBitFlipMutation,RunNum=5,NaN
IBEA,GroupPointCrossover,OneBitFlipMutation,RunNum=6,NaN
IBEA,GroupPointCrossover,OneBitFlipMutation,RunNum=7,2.01
IBEA,GroupPointCrossover,OneBitFlipMutation,RunNum=8,NaN
IBEA,GroupPointCrossover,OneBitFlipMutation,RunNum=9,0.92
IBEA,GroupPointCrossover,OneBitFlipMutation,RunNum=10,8.9
IBEA,GroupPointCrossover,GreedyMutation,RunNum=1,NaN
IBEA,GroupPointCrossover,GreedyMutation,RunNum=2,NaN
IBEA,GroupPointCrossover,GreedyMutation,RunNum=3,NaN
IBEA,GroupPointCrossover,GreedyMutation,RunNum=4,NaN
IBEA,GroupPointCrossover,GreedyMutation,RunNum=5,NaN
IBEA,GroupPointCrossover,GreedyMutation,RunNum=6,0.67
IBEA,GroupPointCrossover,GreedyMutation,RunNum=7,NaN
IBEA,GroupPointCrossover,GreedyMutation,RunNum=8,NaN
IBEA,GroupPointCrossover,GreedyMutation,RunNum=9,NaN
IBEA,GroupPointCrossover,GreedyMutation,RunNum=10,NaN
IBEA,GroupPointCrossover,ReversingMutation,RunNum=1,NaN
IBEA,GroupPointCrossover,ReversingMutation,RunNum=2,2.28
IBEA,GroupPointCrossover,ReversingMutation,RunNum=3,10.98
IBEA,GroupPointCrossover,ReversingMutation,RunNum=4,91.06
IBEA,GroupPointCrossover,ReversingMutation,RunNum=5,13.62
IBEA,GroupPointCrossover,ReversingMutation,RunNum=6,10.84
IBEA,GroupPointCrossover,ReversingMutation,RunNum=7,6.87
IBEA,GroupPointCrossover,ReversingMutation,RunNum=8,15.13
IBEA,GroupPointCrossover,ReversingMutation,RunNum=9,1.79
IBEA,GroupPointCrossover,ReversingMutation,RunNum=10,14.87
IBEA,GroupPointCrossover,BitFlipMutation,RunNum=1,NaN
IBEA,GroupPointCrossover,BitFlipMutation,RunNum=2,12.24
IBEA,GroupPointCrossover,BitFlipMutation,RunNum=3,NaN
IBEA,GroupPointCrossover,BitFlipMutation,RunNum=4,NaN
IBEA,GroupPointCrossover,BitFlipMutation,RunNum=5,NaN
IBEA,GroupPointCrossover,BitFlipMutation,RunNum=6,NaN
IBEA,GroupPointCrossover,BitFlipMutation,RunNum=7,2.5
IBEA,GroupPointCrossover,BitFlipMutation,RunNum=8,2.7
IBEA,GroupPointCrossover,BitFlipMutation,RunNum=9,0.19
IBEA,GroupPointCrossover,BitFlipMutation,RunNum=10,0.56
IBEA,SinglePointCrossover,DynamicBitFlipMutation,RunNum=1,NaN
IBEA,SinglePointCrossover,DynamicBitFlipMutation,RunNum=2,NaN
IBEA,SinglePointCrossover,DynamicBitFlipMutation,RunNum=3,NaN
IBEA,SinglePointCrossover,DynamicBitFlipMutation,RunNum=4,NaN
IBEA,SinglePointCrossover,DynamicBitFlipMutation,RunNum=5,NaN
IBEA,SinglePointCrossover,DynamicBitFlipMutation,RunNum=6,NaN
IBEA,SinglePointCrossover,DynamicBitFlipMutation,RunNum=7,NaN
IBEA,SinglePointCrossover,DynamicBitFlipMutation,RunNum=8,NaN
IBEA,SinglePointCrossover,DynamicBitFlipMutation,RunNum=9,NaN
IBEA,SinglePointCrossover,DynamicBitFlipMutation,RunNum=10,NaN
IBEA,SinglePointCrossover,InterchangingMutation,RunNum=1,6.48
IBEA,SinglePointCrossover,InterchangingMutation,RunNum=2,4.82
IBEA,SinglePointCrossover,InterchangingMutation,RunNum=3,4.54
IBEA,SinglePointCrossover,InterchangingMutation,RunNum=4,8.7
IBEA,SinglePointCrossover,InterchangingMutation,RunNum=5,5.06
IBEA,SinglePointCrossover,InterchangingMutation,RunNum=6,0.53
IBEA,SinglePointCrossover,InterchangingMutation,RunNum=7,1.12
IBEA,SinglePointCrossover,InterchangingMutation,RunNum=8,0.84
IBEA,SinglePointCrossover,InterchangingMutation,RunNum=9,23.02
IBEA,SinglePointCrossover,InterchangingMutation,RunNum=10,NaN
IBEA,SinglePointCrossover,OneBitFlipMutation,RunNum=1,3.52
IBEA,SinglePointCrossover,OneBitFlipMutation,RunNum=2,7.05
IBEA,SinglePointCrossover,OneBitFlipMutation,RunNum=3,NaN
IBEA,SinglePointCrossover,OneBitFlipMutation,RunNum=4,NaN
IBEA,SinglePointCrossover,OneBitFlipMutation,RunNum=5,1.47
IBEA,SinglePointCrossover,OneBitFlipMutation,RunNum=6,NaN
IBEA,SinglePointCrossover,OneBitFlipMutation,RunNum=7,1.27
IBEA,SinglePointCrossover,OneBitFlipMutation,RunNum=8,1.2
IBEA,SinglePointCrossover,OneBitFlipMutation,RunNum=9,NaN
IBEA,SinglePointCrossover,OneBitFlipMutation,RunNum=10,3.25
IBEA,SinglePointCrossover,GreedyMutation,RunNum=1,NaN
IBEA,SinglePointCrossover,GreedyMutation,RunNum=2,0.45
IBEA,SinglePointCrossover,GreedyMutation,RunNum=3,0.92
IBEA,SinglePointCrossover,GreedyMutation,RunNum=4,NaN
IBEA,SinglePointCrossover,GreedyMutation,RunNum=5,NaN
IBEA,SinglePointCrossover,GreedyMutation,RunNum=6,NaN
IBEA,SinglePointCrossover,GreedyMutation,RunNum=7,4
IBEA,SinglePointCrossover,GreedyMutation,RunNum=8,0.22
IBEA,SinglePointCrossover,GreedyMutation,RunNum=9,NaN
IBEA,SinglePointCrossover,GreedyMutation,RunNum=10,1.5
IBEA,SinglePointCrossover,ReversingMutation,RunNum=1,24.99
IBEA,SinglePointCrossover,ReversingMutation,RunNum=2,1.23
IBEA,SinglePointCrossover,ReversingMutation,RunNum=3,2.76
IBEA,SinglePointCrossover,ReversingMutation,RunNum=4,3.15
IBEA,SinglePointCrossover,ReversingMutation,RunNum=5,0.22
IBEA,SinglePointCrossover,ReversingMutation,RunNum=6,9.55
IBEA,SinglePointCrossover,ReversingMutation,RunNum=7,3.75
IBEA,SinglePointCrossover,ReversingMutation,RunNum=8,0.86
IBEA,SinglePointCrossover,ReversingMutation,RunNum=9,3.23
IBEA,SinglePointCrossover,ReversingMutation,RunNum=10,3.27
IBEA,SinglePointCrossover,BitFlipMutation,RunNum=1,14.5
IBEA,SinglePointCrossover,BitFlipMutation,RunNum=2,NaN
IBEA,SinglePointCrossover,BitFlipMutation,RunNum=3,NaN
IBEA,SinglePointCrossover,BitFlipMutation,RunNum=4,1.01
IBEA,SinglePointCrossover,BitFlipMutation,RunNum=5,1.71
IBEA,SinglePointCrossover,BitFlipMutation,RunNum=6,1.56
IBEA,SinglePointCrossover,BitFlipMutation,RunNum=7,NaN
IBEA,SinglePointCrossover,BitFlipMutation,RunNum=8,2.01
IBEA,SinglePointCrossover,BitFlipMutation,RunNum=9,NaN
IBEA,SinglePointCrossover,BitFlipMutation,RunNum=10,1.46
IBEA,UniformCrossover,DynamicBitFlipMutation,RunNum=1,1.95
IBEA,UniformCrossover,DynamicBitFlipMutation,RunNum=2,2.06
IBEA,UniformCrossover,DynamicBitFlipMutation,RunNum=3,1.3
IBEA,UniformCrossover,DynamicBitFlipMutation,RunNum=4,NaN
IBEA,UniformCrossover,DynamicBitFlipMutation,RunNum=5,NaN
IBEA,UniformCrossover,DynamicBitFlipMutation,RunNum=6,NaN
IBEA,UniformCrossover,DynamicBitFlipMutation,RunNum=7,NaN
IBEA,UniformCrossover,DynamicBitFlipMutation,RunNum=8,2.23
IBEA,UniformCrossover,DynamicBitFlipMutation,RunNum=9,2.02
IBEA,UniformCrossover,DynamicBitFlipMutation,RunNum=10,2.02
IBEA,UniformCrossover,InterchangingMutation,RunNum=1,97.49
IBEA,UniformCrossover,InterchangingMutation,RunNum=2,1.41
IBEA,UniformCrossover,InterchangingMutation,RunNum=3,4.07
IBEA,UniformCrossover,InterchangingMutation,RunNum=4,11.29
IBEA,UniformCrossover,InterchangingMutation,RunNum=5,NaN
IBEA,UniformCrossover,InterchangingMutation,RunNum=6,13.69
IBEA,UniformCrossover,InterchangingMutation,RunNum=7,4.54
IBEA,UniformCrossover,InterchangingMutation,RunNum=8,17.82
IBEA,UniformCrossover,InterchangingMutation,RunNum=9,NaN
IBEA,UniformCrossover,InterchangingMutation,RunNum=10,0.87
IBEA,UniformCrossover,OneBitFlipMutation,RunNum=1,NaN
IBEA,UniformCrossover,OneBitFlipMutation,RunNum=2,3.03
IBEA,UniformCrossover,OneBitFlipMutation,RunNum=3,NaN
IBEA,UniformCrossover,OneBitFlipMutation,RunNum=4,NaN
IBEA,UniformCrossover,OneBitFlipMutation,RunNum=5,NaN
IBEA,UniformCrossover,OneBitFlipMutation,RunNum=6,4.67
IBEA,UniformCrossover,OneBitFlipMutation,RunNum=7,NaN
IBEA,UniformCrossover,OneBitFlipMutation,RunNum=8,2.39
IBEA,UniformCrossover,OneBitFlipMutation,RunNum=9,2.39
IBEA,UniformCrossover,OneBitFlipMutation,RunNum=10,2.25
IBEA,UniformCrossover,GreedyMutation,RunNum=1,2.29
IBEA,UniformCrossover,GreedyMutation,RunNum=2,NaN
IBEA,UniformCrossover,GreedyMutation,RunNum=3,2.35
IBEA,UniformCrossover,GreedyMutation,RunNum=4,NaN
IBEA,UniformCrossover,GreedyMutation,RunNum=5,0.24
IBEA,UniformCrossover,GreedyMutation,RunNum=6,8.12
IBEA,UniformCrossover,GreedyMutation,RunNum=7,NaN
IBEA,UniformCrossover,GreedyMutation,RunNum=8,0.87
IBEA,UniformCrossover,GreedyMutation,RunNum=9,NaN
IBEA,UniformCrossover,GreedyMutation,RunNum=10,0.14
IBEA,UniformCrossover,ReversingMutation,RunNum=1,NaN
IBEA,UniformCrossover,ReversingMutation,RunNum=2,NaN
IBEA,UniformCrossover,ReversingMutation,RunNum=3,NaN
IBEA,UniformCrossover,ReversingMutation,RunNum=4,NaN
IBEA,UniformCrossover,ReversingMutation,RunNum=5,4.46
IBEA,UniformCrossover,ReversingMutation,RunNum=6,NaN
IBEA,UniformCrossover,ReversingMutation,RunNum=7,NaN
IBEA,UniformCrossover,ReversingMutation,RunNum=8,0.21
IBEA,UniformCrossover,ReversingMutation,RunNum=9,2.04
IBEA,UniformCrossover,ReversingMutation,RunNum=10,1.65
IBEA,UniformCrossover,BitFlipMutation,RunNum=1,NaN
IBEA,UniformCrossover,BitFlipMutation,RunNum=2,NaN
IBEA,UniformCrossover,BitFlipMutation,RunNum=3,NaN
IBEA,UniformCrossover,BitFlipMutation,RunNum=4,0.02
IBEA,UniformCrossover,BitFlipMutation,RunNum=5,4.39
IBEA,UniformCrossover,BitFlipMutation,RunNum=6,0.52
IBEA,UniformCrossover,BitFlipMutation,RunNum=7,0.89
IBEA,UniformCrossover,BitFlipMutation,RunNum=8,0.99
IBEA,UniformCrossover,BitFlipMutation,RunNum=9,2.11
IBEA,UniformCrossover,BitFlipMutation,RunNum=10,1
IBEA,ReducedSurrogateCrossover,DynamicBitFlipMutation,RunNum=1,NaN
IBEA,ReducedSurrogateCrossover,DynamicBitFlipMutation,RunNum=2,2.56
IBEA,ReducedSurrogateCrossover,DynamicBitFlipMutation,RunNum=3,NaN
IBEA,ReducedSurrogateCrossover,DynamicBitFlipMutation,RunNum=4,NaN
IBEA,ReducedSurrogateCrossover,DynamicBitFlipMutation,RunNum=5,1.17
IBEA,ReducedSurrogateCrossover,DynamicBitFlipMutation,RunNum=6,NaN
IBEA,ReducedSurrogateCrossover,DynamicBitFlipMutation,RunNum=7,NaN
IBEA,ReducedSurrogateCrossover,DynamicBitFlipMutation,RunNum=8,0.87
IBEA,ReducedSurrogateCrossover,DynamicBitFlipMutation,RunNum=9,2.11
IBEA,ReducedSurrogateCrossover,DynamicBitFlipMutation,RunNum=10,NaN
IBEA,ReducedSurrogateCrossover,InterchangingMutation,RunNum=1,65.31
IBEA,ReducedSurrogateCrossover,InterchangingMutation,RunNum=2,85.97
IBEA,ReducedSurrogateCrossover,InterchangingMutation,RunNum=3,114.06
IBEA,ReducedSurrogateCrossover,InterchangingMutation,RunNum=4,25.23
IBEA,ReducedSurrogateCrossover,InterchangingMutation,RunNum=5,90.12
IBEA,ReducedSurrogateCrossover,InterchangingMutation,RunNum=6,12.9
IBEA,ReducedSurrogateCrossover,InterchangingMutation,RunNum=7,64.37
IBEA,ReducedSurrogateCrossover,InterchangingMutation,RunNum=8,112.39
IBEA,ReducedSurrogateCrossover,InterchangingMutation,RunNum=9,61.02
IBEA,ReducedSurrogateCrossover,InterchangingMutation,RunNum=10,86.55
IBEA,ReducedSurrogateCrossover,OneBitFlipMutation,RunNum=1,50.07
IBEA,ReducedSurrogateCrossover,OneBitFlipMutation,RunNum=2,24.55
IBEA,ReducedSurrogateCrossover,OneBitFlipMutation,RunNum=3,263.93
IBEA,ReducedSurrogateCrossover,OneBitFlipMutation,RunNum=4,18.21
IBEA,ReducedSurrogateCrossover,OneBitFlipMutation,RunNum=5,16.97
IBEA,ReducedSurrogateCrossover,OneBitFlipMutation,RunNum=6,21.52
IBEA,ReducedSurrogateCrossover,OneBitFlipMutation,RunNum=7,87.22
IBEA,ReducedSurrogateCrossover,OneBitFlipMutation,RunNum=8,384.02
IBEA,ReducedSurrogateCrossover,OneBitFlipMutation,RunNum=9,48.75
IBEA,ReducedSurrogateCrossover,OneBitFlipMutation,RunNum=10,15.8
IBEA,ReducedSurrogateCrossover,GreedyMutation,RunNum=1,14.91
IBEA,ReducedSurrogateCrossover,GreedyMutation,RunNum=2,NaN
IBEA,ReducedSurrogateCrossover,GreedyMutation,RunNum=3,NaN
IBEA,ReducedSurrogateCrossover,GreedyMutation,RunNum=4,NaN
IBEA,ReducedSurrogateCrossover,GreedyMutation,RunNum=5,NaN
IBEA,ReducedSurrogateCrossover,GreedyMutation,RunNum=6,NaN
IBEA,ReducedSurrogateCrossover,GreedyMutation,RunNum=7,NaN
IBEA,ReducedSurrogateCrossover,GreedyMutation,RunNum=8,NaN
IBEA,ReducedSurrogateCrossover,GreedyMutation,RunNum=9,NaN
IBEA,ReducedSurrogateCrossover,GreedyMutation,RunNum=10,NaN
IBEA,ReducedSurrogateCrossover,ReversingMutation,RunNum=1,32.41
IBEA,ReducedSurrogateCrossover,ReversingMutation,RunNum=2,21.21
IBEA,ReducedSurrogateCrossover,ReversingMutation,RunNum=3,25.6
IBEA,ReducedSurrogateCrossover,ReversingMutation,RunNum=4,24.33
IBEA,ReducedSurrogateCrossover,ReversingMutation,RunNum=5,41.64
IBEA,ReducedSurrogateCrossover,ReversingMutation,RunNum=6,14.85
IBEA,ReducedSurrogateCrossover,ReversingMutation,RunNum=7,27.51
IBEA,ReducedSurrogateCrossover,ReversingMutation,RunNum=8,24.48
IBEA,ReducedSurrogateCrossover,ReversingMutation,RunNum=9,40.8
IBEA,ReducedSurrogateCrossover,ReversingMutation,RunNum=10,38.7
IBEA,ReducedSurrogateCrossover,BitFlipMutation,RunNum=1,1.04
IBEA,ReducedSurrogateCrossover,BitFlipMutation,RunNum=2,NaN
IBEA,ReducedSurrogateCrossover,BitFlipMutation,RunNum=3,0.37
IBEA,ReducedSurrogateCrossover,BitFlipMutation,RunNum=4,NaN
IBEA,ReducedSurrogateCrossover,BitFlipMutation,RunNum=5,NaN
IBEA,ReducedSurrogateCrossover,BitFlipMutation,RunNum=6,2.39
IBEA,ReducedSurrogateCrossover,BitFlipMutation,RunNum=7,NaN
IBEA,ReducedSurrogateCrossover,BitFlipMutation,RunNum=8,NaN
IBEA,ReducedSurrogateCrossover,BitFlipMutation,RunNum=9,NaN
IBEA,ReducedSurrogateCrossover,BitFlipMutation,RunNum=10,NaN
IBEA,ArithmeticCrossover,DynamicBitFlipMutation,RunNum=1,16.19
IBEA,ArithmeticCrossover,DynamicBitFlipMutation,RunNum=2,52.12
IBEA,ArithmeticCrossover,DynamicBitFlipMutation,RunNum=3,8.45
IBEA,ArithmeticCrossover,DynamicBitFlipMutation,RunNum=4,21.42
IBEA,ArithmeticCrossover,DynamicBitFlipMutation,RunNum=5,12.36
IBEA,ArithmeticCrossover,DynamicBitFlipMutation,RunNum=6,12.12
IBEA,ArithmeticCrossover,DynamicBitFlipMutation,RunNum=7,18.43
IBEA,ArithmeticCrossover,DynamicBitFlipMutation,RunNum=8,45.72
IBEA,ArithmeticCrossover,DynamicBitFlipMutation,RunNum=9,16.21
IBEA,ArithmeticCrossover,DynamicBitFlipMutation,RunNum=10,14.22
IBEA,ArithmeticCrossover,InterchangingMutation,RunNum=1,16.74
IBEA,ArithmeticCrossover,InterchangingMutation,RunNum=2,15.05
IBEA,ArithmeticCrossover,InterchangingMutation,RunNum=3,23.43
IBEA,ArithmeticCrossover,InterchangingMutation,RunNum=4,23.38
IBEA,ArithmeticCrossover,InterchangingMutation,RunNum=5,22.15
IBEA,ArithmeticCrossover,InterchangingMutation,RunNum=6,16.13
IBEA,ArithmeticCrossover,InterchangingMutation,RunNum=7,7.2
IBEA,ArithmeticCrossover,InterchangingMutation,RunNum=8,23.94
IBEA,ArithmeticCrossover,InterchangingMutation,RunNum=9,7.86
IBEA,ArithmeticCrossover,InterchangingMutation,RunNum=10,13.9
IBEA,ArithmeticCrossover,OneBitFlipMutation,RunNum=1,6.52
IBEA,ArithmeticCrossover,OneBitFlipMutation,RunNum=2,52.62
IBEA,ArithmeticCrossover,OneBitFlipMutation,RunNum=3,57.9
IBEA,ArithmeticCrossover,OneBitFlipMutation,RunNum=4,3.45
IBEA,ArithmeticCrossover,OneBitFlipMutation,RunNum=5,13.28
IBEA,ArithmeticCrossover,OneBitFlipMutation,RunNum=6,6.74
IBEA,ArithmeticCrossover,OneBitFlipMutation,RunNum=7,12.79
IBEA,ArithmeticCrossover,OneBitFlipMutation,RunNum=8,5.05
IBEA,ArithmeticCrossover,OneBitFlipMutation,RunNum=9,4.2
IBEA,ArithmeticCrossover,OneBitFlipMutation,RunNum=10,10.05
IBEA,ArithmeticCrossover,GreedyMutation,RunNum=1,1.84
IBEA,ArithmeticCrossover,GreedyMutation,RunNum=2,NaN
IBEA,ArithmeticCrossover,GreedyMutation,RunNum=3,2.31
IBEA,ArithmeticCrossover,GreedyMutation,RunNum=4,8.9
IBEA,ArithmeticCrossover,GreedyMutation,RunNum=5,1.27
IBEA,ArithmeticCrossover,GreedyMutation,RunNum=6,24.15
IBEA,ArithmeticCrossover,GreedyMutation,RunNum=7,1.88
IBEA,ArithmeticCrossover,GreedyMutation,RunNum=8,0.17
IBEA,ArithmeticCrossover,GreedyMutation,RunNum=9,0.07
IBEA,ArithmeticCrossover,GreedyMutation,RunNum=10,NaN
IBEA,ArithmeticCrossover,ReversingMutation,RunNum=1,22.19
IBEA,ArithmeticCrossover,ReversingMutation,RunNum=2,45.72
IBEA,ArithmeticCrossover,ReversingMutation,RunNum=3,206.17
IBEA,ArithmeticCrossover,ReversingMutation,RunNum=4,240.74
IBEA,ArithmeticCrossover,ReversingMutation,RunNum=5,59.8
IBEA,ArithmeticCrossover,ReversingMutation,RunNum=6,64.23
IBEA,ArithmeticCrossover,ReversingMutation,RunNum=7,51.89
IBEA,ArithmeticCrossover,ReversingMutation,RunNum=8,74.72
IBEA,ArithmeticCrossover,ReversingMutation,RunNum=9,33.45
IBEA,ArithmeticCrossover,ReversingMutation,RunNum=10,42.1
IBEA,ArithmeticCrossover,BitFlipMutation,RunNum=1,NaN
IBEA,ArithmeticCrossover,BitFlipMutation,RunNum=2,3.37
IBEA,ArithmeticCrossover,BitFlipMutation,RunNum=3,NaN
IBEA,ArithmeticCrossover,BitFlipMutation,RunNum=4,NaN
IBEA,ArithmeticCrossover,BitFlipMutation,RunNum=5,NaN
IBEA,ArithmeticCrossover,BitFlipMutation,RunNum=6,NaN
IBEA,ArithmeticCrossover,BitFlipMutation,RunNum=7,NaN
IBEA,ArithmeticCrossover,BitFlipMutation,RunNum=8,NaN
IBEA,ArithmeticCrossover,BitFlipMutation,RunNum=9,NaN
IBEA,ArithmeticCrossover,BitFlipMutation,RunNum=10,NaN
IBEA,HUXCrossover,DynamicBitFlipMutation,RunNum=1,NaN
IBEA,HUXCrossover,DynamicBitFlipMutation,RunNum=2,NaN
IBEA,HUXCrossover,DynamicBitFlipMutation,RunNum=3,1.84
IBEA,HUXCrossover,DynamicBitFlipMutation,RunNum=4,15.28
IBEA,HUXCrossover,DynamicBitFlipMutation,RunNum=5,NaN
IBEA,HUXCrossover,DynamicBitFlipMutation,RunNum=6,0.15
IBEA,HUXCrossover,DynamicBitFlipMutation,RunNum=7,3.71
IBEA,HUXCrossover,DynamicBitFlipMutation,RunNum=8,NaN
IBEA,HUXCrossover,DynamicBitFlipMutation,RunNum=9,NaN
IBEA,HUXCrossover,DynamicBitFlipMutation,RunNum=10,12.94
IBEA,HUXCrossover,InterchangingMutation,RunNum=1,6.9
IBEA,HUXCrossover,InterchangingMutation,RunNum=2,NaN
IBEA,HUXCrossover,InterchangingMutation,RunNum=3,NaN
IBEA,HUXCrossover,InterchangingMutation,RunNum=4,2.05
IBEA,HUXCrossover,InterchangingMutation,RunNum=5,NaN
IBEA,HUXCrossover,InterchangingMutation,RunNum=6,0.39
IBEA,HUXCrossover,InterchangingMutation,RunNum=7,NaN
IBEA,HUXCrossover,InterchangingMutation,RunNum=8,0.3
IBEA,HUXCrossover,InterchangingMutation,RunNum=9,7.77
IBEA,HUXCrossover,InterchangingMutation,RunNum=10,5.13
IBEA,HUXCrossover,OneBitFlipMutation,RunNum=1,NaN
IBEA,HUXCrossover,OneBitFlipMutation,RunNum=2,NaN
IBEA,HUXCrossover,OneBitFlipMutation,RunNum=3,6.88
IBEA,HUXCrossover,OneBitFlipMutation,RunNum=4,NaN
IBEA,HUXCrossover,OneBitFlipMutation,RunNum=5,NaN
IBEA,HUXCrossover,OneBitFlipMutation,RunNum=6,NaN
IBEA,HUXCrossover,OneBitFlipMutation,RunNum=7,NaN
IBEA,HUXCrossover,OneBitFlipMutation,RunNum=8,3.47
IBEA,HUXCrossover,OneBitFlipMutation,RunNum=9,NaN
IBEA,HUXCrossover,OneBitFlipMutation,RunNum=10,NaN
IBEA,HUXCrossover,GreedyMutation,RunNum=1,NaN
IBEA,HUXCrossover,GreedyMutation,RunNum=2,NaN
IBEA,HUXCrossover,GreedyMutation,RunNum=3,NaN
IBEA,HUXCrossover,GreedyMutation,RunNum=4,0.06
IBEA,HUXCrossover,GreedyMutation,RunNum=5,0.27
IBEA,HUXCrossover,GreedyMutation,RunNum=6,0.74
IBEA,HUXCrossover,GreedyMutation,RunNum=7,2.52
IBEA,HUXCrossover,GreedyMutation,RunNum=8,0.17
IBEA,HUXCrossover,GreedyMutation,RunNum=9,467.49
IBEA,HUXCrossover,GreedyMutation,RunNum=10,0.56
IBEA,HUXCrossover,ReversingMutation,RunNum=1,NaN
IBEA,HUXCrossover,ReversingMutation,RunNum=2,13.17
IBEA,HUXCrossover,ReversingMutation,RunNum=3,NaN
IBEA,HUXCrossover,ReversingMutation,RunNum=4,2.22
IBEA,HUXCrossover,ReversingMutation,RunNum=5,NaN
IBEA,HUXCrossover,ReversingMutation,RunNum=6,NaN
IBEA,HUXCrossover,ReversingMutation,RunNum=7,NaN
IBEA,HUXCrossover,ReversingMutation,RunNum=8,NaN
IBEA,HUXCrossover,ReversingMutation,RunNum=9,49.19
IBEA,HUXCrossover,ReversingMutation,RunNum=10,NaN
IBEA,HUXCrossover,BitFlipMutation,RunNum=1,0.97
IBEA,HUXCrossover,BitFlipMutation,RunNum=2,0.41
IBEA,HUXCrossover,BitFlipMutation,RunNum=3,1.15
IBEA,HUXCrossover,BitFlipMutation,RunNum=4,NaN
IBEA,HUXCrossover,BitFlipMutation,RunNum=5,4.06
IBEA,HUXCrossover,BitFlipMutation,RunNum=6,0.2
IBEA,HUXCrossover,BitFlipMutation,RunNum=7,NaN
IBEA,HUXCrossover,BitFlipMutation,RunNum=8,0.08
IBEA,HUXCrossover,BitFlipMutation,RunNum=9,3.06
IBEA,HUXCrossover,BitFlipMutation,RunNum=10,0.55
NSGA2,GroupPointCrossover,DynamicBitFlipMutation,RunNum=1,74.61
NSGA2,GroupPointCrossover,DynamicBitFlipMutation,RunNum=2,87.53
NSGA2,GroupPointCrossover,DynamicBitFlipMutation,RunNum=3,55.71
NSGA2,GroupPointCrossover,DynamicBitFlipMutation,RunNum=4,77.27
NSGA2,GroupPointCrossover,DynamicBitFlipMutation,RunNum=5,220.64
NSGA2,GroupPointCrossover,DynamicBitFlipMutation,RunNum=6,83.26
NSGA2,GroupPointCrossover,DynamicBitFlipMutation,RunNum=7,53.09
NSGA2,GroupPointCrossover,DynamicBitFlipMutation,RunNum=8,41.56
NSGA2,GroupPointCrossover,DynamicBitFlipMutation,RunNum=9,57.12
NSGA2,GroupPointCrossover,DynamicBitFlipMutation,RunNum=10,48.4
NSGA2,GroupPointCrossover,InterchangingMutation,RunNum=1,154.34
NSGA2,GroupPointCrossover,InterchangingMutation,RunNum=2,70.48
NSGA2,GroupPointCrossover,InterchangingMutation,RunNum=3,95.42
NSGA2,GroupPointCrossover,InterchangingMutation,RunNum=4,73.57
NSGA2,GroupPointCrossover,InterchangingMutation,RunNum=5,96.28
NSGA2,GroupPointCrossover,InterchangingMutation,RunNum=6,64.18
NSGA2,GroupPointCrossover,InterchangingMutation,RunNum=7,69.63
NSGA2,GroupPointCrossover,InterchangingMutation,RunNum=8,252.19
NSGA2,GroupPointCrossover,InterchangingMutation,RunNum=9,128.34
NSGA2,GroupPointCrossover,InterchangingMutation,RunNum=10,77.4
NSGA2,GroupPointCrossover,OneBitFlipMutation,RunNum=1,336
NSGA2,GroupPointCrossover,OneBitFlipMutation,RunNum=2,128.33
NSGA2,GroupPointCrossover,OneBitFlipMutation,RunNum=3,105.05
NSGA2,GroupPointCrossover,OneBitFlipMutation,RunNum=4,130.4
NSGA2,GroupPointCrossover,OneBitFlipMutation,RunNum=5,98.14
NSGA2,GroupPointCrossover,OneBitFlipMutation,RunNum=6,97.82
NSGA2,GroupPointCrossover,OneBitFlipMutation,RunNum=7,85.17
NSGA2,GroupPointCrossover,OneBitFlipMutation,RunNum=8,110.66
NSGA2,GroupPointCrossover,OneBitFlipMutation,RunNum=9,69.35
NSGA2,GroupPointCrossover,OneBitFlipMutation,RunNum=10,41.42
NSGA2,GroupPointCrossover,GreedyMutation,RunNum=1,305.43
NSGA2,GroupPointCrossover,GreedyMutation,RunNum=2,60.95
NSGA2,GroupPointCrossover,GreedyMutation,RunNum=3,31.94
NSGA2,GroupPointCrossover,GreedyMutation,RunNum=4,71.31
NSGA2,GroupPointCrossover,GreedyMutation,RunNum=5,44.56
NSGA2,GroupPointCrossover,GreedyMutation,RunNum=6,64.84
NSGA2,GroupPointCrossover,GreedyMutation,RunNum=7,64.05
NSGA2,GroupPointCrossover,GreedyMutation,RunNum=8,62.43
NSGA2,GroupPointCrossover,GreedyMutation,RunNum=9,65.06
NSGA2,GroupPointCrossover,GreedyMutation,RunNum=10,92.57
NSGA2,GroupPointCrossover,ReversingMutation,RunNum=1,52.46
NSGA2,GroupPointCrossover,ReversingMutation,RunNum=2,47.29
NSGA2,GroupPointCrossover,ReversingMutation,RunNum=3,329.26
NSGA2,GroupPointCrossover,ReversingMutation,RunNum=4,83.98
NSGA2,GroupPointCrossover,ReversingMutation,RunNum=5,100.09
NSGA2,GroupPointCrossover,ReversingMutation,RunNum=6,116.25
NSGA2,GroupPointCrossover,ReversingMutation,RunNum=7,27.63
NSGA2,GroupPointCrossover,ReversingMutation,RunNum=8,62.32
NSGA2,GroupPointCrossover,ReversingMutation,RunNum=9,40.74
NSGA2,GroupPointCrossover,ReversingMutation,RunNum=10,142.15
NSGA2,GroupPointCrossover,BitFlipMutation,RunNum=1,80.04
NSGA2,GroupPointCrossover,BitFlipMutation,RunNum=2,42.44
NSGA2,GroupPointCrossover,BitFlipMutation,RunNum=3,31.17
NSGA2,GroupPointCrossover,BitFlipMutation,RunNum=4,48.93
NSGA2,GroupPointCrossover,BitFlipMutation,RunNum=5,46.63
NSGA2,GroupPointCrossover,BitFlipMutation,RunNum=6,116.03
NSGA2,GroupPointCrossover,BitFlipMutation,RunNum=7,56.14
NSGA2,GroupPointCrossover,BitFlipMutation,RunNum=8,41.6
NSGA2,GroupPointCrossover,BitFlipMutation,RunNum=9,51.82
NSGA2,GroupPointCrossover,BitFlipMutation,RunNum=10,30.43
NSGA2,SinglePointCrossover,DynamicBitFlipMutation,RunNum=1,92.41
NSGA2,SinglePointCrossover,DynamicBitFlipMutation,RunNum=2,46.44
NSGA2,SinglePointCrossover,DynamicBitFlipMutation,RunNum=3,188.67
NSGA2,SinglePointCrossover,DynamicBitFlipMutation,RunNum=4,125.31
NSGA2,SinglePointCrossover,DynamicBitFlipMutation,RunNum=5,40.35
NSGA2,SinglePointCrossover,DynamicBitFlipMutation,RunNum=6,84.76
NSGA2,SinglePointCrossover,DynamicBitFlipMutation,RunNum=7,51.59
NSGA2,SinglePointCrossover,DynamicBitFlipMutation,RunNum=8,60.39
NSGA2,SinglePointCrossover,DynamicBitFlipMutation,RunNum=9,54.93
NSGA2,SinglePointCrossover,DynamicBitFlipMutation,RunNum=10,242.42
NSGA2,SinglePointCrossover,InterchangingMutation,RunNum=1,114.42
NSGA2,SinglePointCrossover,InterchangingMutation,RunNum=2,52.49
NSGA2,SinglePointCrossover,InterchangingMutation,RunNum=3,37.95
NSGA2,SinglePointCrossover,InterchangingMutation,RunNum=4,124.52
NSGA2,SinglePointCrossover,InterchangingMutation,RunNum=5,56.72
NSGA2,SinglePointCrossover,InterchangingMutation,RunNum=6,50.86
NSGA2,SinglePointCrossover,InterchangingMutation,RunNum=7,173.79
NSGA2,SinglePointCrossover,InterchangingMutation,RunNum=8,55.96
NSGA2,SinglePointCrossover,InterchangingMutation,RunNum=9,46.18
NSGA2,SinglePointCrossover,InterchangingMutation,RunNum=10,96.95
NSGA2,SinglePointCrossover,OneBitFlipMutation,RunNum=1,39.35
NSGA2,SinglePointCrossover,OneBitFlipMutation,RunNum=2,51.19
NSGA2,SinglePointCrossover,OneBitFlipMutation,RunNum=3,60.16
NSGA2,SinglePointCrossover,OneBitFlipMutation,RunNum=4,67.93
NSGA2,SinglePointCrossover,OneBitFlipMutation,RunNum=5,84.66
NSGA2,SinglePointCrossover,OneBitFlipMutation,RunNum=6,56.43
NSGA2,SinglePointCrossover,OneBitFlipMutation,RunNum=7,93.97
NSGA2,SinglePointCrossover,OneBitFlipMutation,RunNum=8,73.3
NSGA2,SinglePointCrossover,OneBitFlipMutation,RunNum=9,114.32
NSGA2,SinglePointCrossover,OneBitFlipMutation,RunNum=10,60.3
NSGA2,SinglePointCrossover,GreedyMutation,RunNum=1,162.69
NSGA2,SinglePointCrossover,GreedyMutation,RunNum=2,130.91
NSGA2,SinglePointCrossover,GreedyMutation,RunNum=3,337.38
NSGA2,SinglePointCrossover,GreedyMutation,RunNum=4,54.97
NSGA2,SinglePointCrossover,GreedyMutation,RunNum=5,30.17
NSGA2,SinglePointCrossover,GreedyMutation,RunNum=6,28.81
NSGA2,SinglePointCrossover,GreedyMutation,RunNum=7,32
NSGA2,SinglePointCrossover,GreedyMutation,RunNum=8,44.38
NSGA2,SinglePointCrossover,GreedyMutation,RunNum=9,40.36
NSGA2,SinglePointCrossover,GreedyMutation,RunNum=10,19.03
NSGA2,SinglePointCrossover,ReversingMutation,RunNum=1,44.02
NSGA2,SinglePointCrossover,ReversingMutation,RunNum=2,111.97
NSGA2,SinglePointCrossover,ReversingMutation,RunNum=3,37.76
NSGA2,SinglePointCrossover,ReversingMutation,RunNum=4,63
NSGA2,SinglePointCrossover,ReversingMutation,RunNum=5,122.33
NSGA2,SinglePointCrossover,ReversingMutation,RunNum=6,48.45
NSGA2,SinglePointCrossover,ReversingMutation,RunNum=7,46.14
NSGA2,SinglePointCrossover,ReversingMutation,RunNum=8,91.15
NSGA2,SinglePointCrossover,ReversingMutation,RunNum=9,54.31
NSGA2,SinglePointCrossover,ReversingMutation,RunNum=10,32.36
NSGA2,SinglePointCrossover,BitFlipMutation,RunNum=1,49.75
NSGA2,SinglePointCrossover,BitFlipMutation,RunNum=2,38.33
NSGA2,SinglePointCrossover,BitFlipMutation,RunNum=3,216.88
NSGA2,SinglePointCrossover,BitFlipMutation,RunNum=4,39.06
NSGA2,SinglePointCrossover,BitFlipMutation,RunNum=5,19.12
NSGA2,SinglePointCrossover,BitFlipMutation,RunNum=6,113.9
NSGA2,SinglePointCrossover,BitFlipMutation,RunNum=7,56.75
NSGA2,SinglePointCrossover,BitFlipMutation,RunNum=8,132.84
NSGA2,SinglePointCrossover,BitFlipMutation,RunNum=9,81.87
NSGA2,SinglePointCrossover,BitFlipMutation,RunNum=10,31.09
NSGA2,UniformCrossover,DynamicBitFlipMutation,RunNum=1,52.1
NSGA2,UniformCrossover,DynamicBitFlipMutation,RunNum=2,54.01
NSGA2,UniformCrossover,DynamicBitFlipMutation,RunNum=3,62.51
NSGA2,UniformCrossover,DynamicBitFlipMutation,RunNum=4,36.65
NSGA2,UniformCrossover,DynamicBitFlipMutation,RunNum=5,144.78
NSGA2,UniformCrossover,DynamicBitFlipMutation,RunNum=6,92.4
NSGA2,UniformCrossover,DynamicBitFlipMutation,RunNum=7,27.37
NSGA2,UniformCrossover,DynamicBitFlipMutation,RunNum=8,42.07
NSGA2,UniformCrossover,DynamicBitFlipMutation,RunNum=9,43.1
NSGA2,UniformCrossover,DynamicBitFlipMutation,RunNum=10,88.32
NSGA2,UniformCrossover,InterchangingMutation,RunNum=1,99.35
NSGA2,UniformCrossover,InterchangingMutation,RunNum=2,58.16
NSGA2,UniformCrossover,InterchangingMutation,RunNum=3,44.15
NSGA2,UniformCrossover,InterchangingMutation,RunNum=4,85.86
NSGA2,UniformCrossover,InterchangingMutation,RunNum=5,126.96
NSGA2,UniformCrossover,InterchangingMutation,RunNum=6,99.8
NSGA2,UniformCrossover,InterchangingMutation,RunNum=7,76.43
NSGA2,UniformCrossover,InterchangingMutation,RunNum=8,88.22
NSGA2,UniformCrossover,InterchangingMutation,RunNum=9,58.09
NSGA2,UniformCrossover,InterchangingMutation,RunNum=10,103.91
NSGA2,UniformCrossover,OneBitFlipMutation,RunNum=1,74.54
NSGA2,UniformCrossover,OneBitFlipMutation,RunNum=2,81.26
NSGA2,UniformCrossover,OneBitFlipMutation,RunNum=3,122.79
NSGA2,UniformCrossover,OneBitFlipMutation,RunNum=4,197.3
NSGA2,UniformCrossover,OneBitFlipMutation,RunNum=5,38.45
NSGA2,UniformCrossover,OneBitFlipMutation,RunNum=6,82.76
NSGA2,UniformCrossover,OneBitFlipMutation,RunNum=7,107.64
NSGA2,UniformCrossover,OneBitFlipMutation,RunNum=8,44.15
NSGA2,UniformCrossover,OneBitFlipMutation,RunNum=9,39.77
NSGA2,UniformCrossover,OneBitFlipMutation,RunNum=10,97.11
NSGA2,UniformCrossover,GreedyMutation,RunNum=1,66.47
NSGA2,UniformCrossover,GreedyMutation,RunNum=2,58.57
NSGA2,UniformCrossover,GreedyMutation,RunNum=3,83.53
NSGA2,UniformCrossover,GreedyMutation,RunNum=4,60.74
NSGA2,UniformCrossover,GreedyMutation,RunNum=5,27.74
NSGA2,UniformCrossover,GreedyMutation,RunNum=6,48.26
NSGA2,UniformCrossover,GreedyMutation,RunNum=7,105.92
NSGA2,UniformCrossover,GreedyMutation,RunNum=8,28.85
NSGA2,UniformCrossover,GreedyMutation,RunNum=9,103.15
NSGA2,UniformCrossover,GreedyMutation,RunNum=10,44.27
NSGA2,UniformCrossover,ReversingMutation,RunNum=1,149.68
NSGA2,UniformCrossover,ReversingMutation,RunNum=2,293.81
NSGA2,UniformCrossover,ReversingMutation,RunNum=3,60.31
NSGA2,UniformCrossover,ReversingMutation,RunNum=4,174.07
NSGA2,UniformCrossover,ReversingMutation,RunNum=5,130.73
NSGA2,UniformCrossover,ReversingMutation,RunNum=6,83.51
NSGA2,UniformCrossover,ReversingMutation,RunNum=7,249.85
NSGA2,UniformCrossover,ReversingMutation,RunNum=8,40.44
NSGA2,UniformCrossover,ReversingMutation,RunNum=9,105.29
NSGA2,UniformCrossover,ReversingMutation,RunNum=10,1374.15
NSGA2,UniformCrossover,BitFlipMutation,RunNum=1,35.36
NSGA2,UniformCrossover,BitFlipMutation,RunNum=2,81.76
NSGA2,UniformCrossover,BitFlipMutation,RunNum=3,82.02
NSGA2,UniformCrossover,BitFlipMutation,RunNum=4,41.3
NSGA2,UniformCrossover,BitFlipMutation,RunNum=5,93.84
NSGA2,UniformCrossover,BitFlipMutation,RunNum=6,47.48
NSGA2,UniformCrossover,BitFlipMutation,RunNum=7,29.66
NSGA2,UniformCrossover,BitFlipMutation,RunNum=8,319.22
NSGA2,UniformCrossover,BitFlipMutation,RunNum=9,43.38
NSGA2,UniformCrossover,BitFlipMutation,RunNum=10,250.14
NSGA2,ReducedSurrogateCrossover,DynamicBitFlipMutation,RunNum=1,111.86
NSGA2,ReducedSurrogateCrossover,DynamicBitFlipMutation,RunNum=2,60.85
NSGA2,ReducedSurrogateCrossover,DynamicBitFlipMutation,RunNum=3,125.35
NSGA2,ReducedSurrogateCrossover,DynamicBitFlipMutation,RunNum=4,44.01
NSGA2,ReducedSurrogateCrossover,DynamicBitFlipMutation,RunNum=5,226.68
NSGA2,ReducedSurrogateCrossover,DynamicBitFlipMutation,RunNum=6,182.31
NSGA2,ReducedSurrogateCrossover,DynamicBitFlipMutation,RunNum=7,76.99
NSGA2,ReducedSurrogateCrossover,DynamicBitFlipMutation,RunNum=8,51.76
NSGA2,ReducedSurrogateCrossover,DynamicBitFlipMutation,RunNum=9,57.15
NSGA2,ReducedSurrogateCrossover,DynamicBitFlipMutation,RunNum=10,44.45
NSGA2,ReducedSurrogateCrossover,InterchangingMutation,RunNum=1,120.27
NSGA2,ReducedSurrogateCrossover,InterchangingMutation,RunNum=2,78.31
NSGA2,ReducedSurrogateCrossover,InterchangingMutation,RunNum=3,80.4
NSGA2,ReducedSurrogateCrossover,InterchangingMutation,RunNum=4,82.39
NSGA2,ReducedSurrogateCrossover,InterchangingMutation,RunNum=5,99.94
NSGA2,ReducedSurrogateCrossover,InterchangingMutation,RunNum=6,118.88
NSGA2,ReducedSurrogateCrossover,InterchangingMutation,RunNum=7,72.8
NSGA2,ReducedSurrogateCrossover,InterchangingMutation,RunNum=8,537.02
NSGA2,ReducedSurrogateCrossover,InterchangingMutation,RunNum=9,111.59
NSGA2,ReducedSurrogateCrossover,InterchangingMutation,RunNum=10,58.37
NSGA2,ReducedSurrogateCrossover,OneBitFlipMutation,RunNum=1,60.74
NSGA2,ReducedSurrogateCrossover,OneBitFlipMutation,RunNum=2,40.31
NSGA2,ReducedSurrogateCrossover,OneBitFlipMutation,RunNum=3,57.73
NSGA2,ReducedSurrogateCrossover,OneBitFlipMutation,RunNum=4,195.18
NSGA2,ReducedSurrogateCrossover,OneBitFlipMutation,RunNum=5,74.26
NSGA2,ReducedSurrogateCrossover,OneBitFlipMutation,RunNum=6,90.86
NSGA2,ReducedSurrogateCrossover,OneBitFlipMutation,RunNum=7,68.49
NSGA2,ReducedSurrogateCrossover,OneBitFlipMutation,RunNum=8,62.19
NSGA2,ReducedSurrogateCrossover,OneBitFlipMutation,RunNum=9,39.27
NSGA2,ReducedSurrogateCrossover,OneBitFlipMutation,RunNum=10,707.89
NSGA2,ReducedSurrogateCrossover,GreedyMutation,RunNum=1,436.34
NSGA2,ReducedSurrogateCrossover,GreedyMutation,RunNum=2,75.65
NSGA2,ReducedSurrogateCrossover,GreedyMutation,RunNum=3,251.22
NSGA2,ReducedSurrogateCrossover,GreedyMutation,RunNum=4,264.44
NSGA2,ReducedSurrogateCrossover,GreedyMutation,RunNum=5,162.2
NSGA2,ReducedSurrogateCrossover,GreedyMutation,RunNum=6,202.68
NSGA2,ReducedSurrogateCrossover,GreedyMutation,RunNum=7,84.23
NSGA2,ReducedSurrogateCrossover,GreedyMutation,RunNum=8,31.66
NSGA2,ReducedSurrogateCrossover,GreedyMutation,RunNum=9,55.75
NSGA2,ReducedSurrogateCrossover,GreedyMutation,RunNum=10,194.8
NSGA2,ReducedSurrogateCrossover,ReversingMutation,RunNum=1,171.61
NSGA2,ReducedSurrogateCrossover,ReversingMutation,RunNum=2,89.47
NSGA2,ReducedSurrogateCrossover,ReversingMutation,RunNum=3,150.73
NSGA2,ReducedSurrogateCrossover,ReversingMutation,RunNum=4,68.51
NSGA2,ReducedSurrogateCrossover,ReversingMutation,RunNum=5,117.55
NSGA2,ReducedSurrogateCrossover,ReversingMutation,RunNum=6,47.83
NSGA2,ReducedSurrogateCrossover,ReversingMutation,RunNum=7,68.6
NSGA2,ReducedSurrogateCrossover,ReversingMutation,RunNum=8,55.98
NSGA2,ReducedSurrogateCrossover,ReversingMutation,RunNum=9,65.1
NSGA2,ReducedSurrogateCrossover,ReversingMutation,RunNum=10,75.61
NSGA2,ReducedSurrogateCrossover,BitFlipMutation,RunNum=1,71.74
NSGA2,ReducedSurrogateCrossover,BitFlipMutation,RunNum=2,78.77
NSGA2,ReducedSurrogateCrossover,BitFlipMutation,RunNum=3,113.14
NSGA2,ReducedSurrogateCrossover,BitFlipMutation,RunNum=4,58.93
NSGA2,ReducedSurrogateCrossover,BitFlipMutation,RunNum=5,48.06
NSGA2,ReducedSurrogateCrossover,BitFlipMutation,RunNum=6,77.87
NSGA2,ReducedSurrogateCrossover,BitFlipMutation,RunNum=7,84.68
NSGA2,ReducedSurrogateCrossover,BitFlipMutation,RunNum=8,60.53
NSGA2,ReducedSurrogateCrossover,BitFlipMutation,RunNum=9,78.95
NSGA2,ReducedSurrogateCrossover,BitFlipMutation,RunNum=10,65.33
NSGA2,ArithmeticCrossover,DynamicBitFlipMutation,RunNum=1,91.88
NSGA2,ArithmeticCrossover,DynamicBitFlipMutation,RunNum=2,74.84
NSGA2,ArithmeticCrossover,DynamicBitFlipMutation,RunNum=3,99.45
NSGA2,ArithmeticCrossover,DynamicBitFlipMutation,RunNum=4,55.38
NSGA2,ArithmeticCrossover,DynamicBitFlipMutation,RunNum=5,156.54
NSGA2,ArithmeticCrossover,DynamicBitFlipMutation,RunNum=6,48.61
NSGA2,ArithmeticCrossover,DynamicBitFlipMutation,RunNum=7,61.5
NSGA2,ArithmeticCrossover,DynamicBitFlipMutation,RunNum=8,179.48
NSGA2,ArithmeticCrossover,DynamicBitFlipMutation,RunNum=9,114.17
NSGA2,ArithmeticCrossover,DynamicBitFlipMutation,RunNum=10,72.31
NSGA2,ArithmeticCrossover,InterchangingMutation,RunNum=1,159.91
NSGA2,ArithmeticCrossover,InterchangingMutation,RunNum=2,247.8
NSGA2,ArithmeticCrossover,InterchangingMutation,RunNum=3,88.43
NSGA2,ArithmeticCrossover,InterchangingMutation,RunNum=4,382.66
NSGA2,ArithmeticCrossover,InterchangingMutation,RunNum=5,344.89
NSGA2,ArithmeticCrossover,InterchangingMutation,RunNum=6,73.41
NSGA2,ArithmeticCrossover,InterchangingMutation,RunNum=7,162.99
NSGA2,ArithmeticCrossover,InterchangingMutation,RunNum=8,57.36
NSGA2,ArithmeticCrossover,InterchangingMutation,RunNum=9,63.6
NSGA2,ArithmeticCrossover,InterchangingMutation,RunNum=10,95.8
NSGA2,ArithmeticCrossover,OneBitFlipMutation,RunNum=1,56.57
NSGA2,ArithmeticCrossover,OneBitFlipMutation,RunNum=2,44.25
NSGA2,ArithmeticCrossover,OneBitFlipMutation,RunNum=3,113.84
NSGA2,ArithmeticCrossover,OneBitFlipMutation,RunNum=4,115.41
NSGA2,ArithmeticCrossover,OneBitFlipMutation,RunNum=5,62.29
NSGA2,ArithmeticCrossover,OneBitFlipMutation,RunNum=6,67.19
NSGA2,ArithmeticCrossover,OneBitFlipMutation,RunNum=7,213.41
NSGA2,ArithmeticCrossover,OneBitFlipMutation,RunNum=8,98.84
NSGA2,ArithmeticCrossover,OneBitFlipMutation,RunNum=9,63.99
NSGA2,ArithmeticCrossover,OneBitFlipMutation,RunNum=10,70.6
NSGA2,ArithmeticCrossover,GreedyMutation,RunNum=1,94.92
NSGA2,ArithmeticCrossover,GreedyMutation,RunNum=2,43.11
NSGA2,ArithmeticCrossover,GreedyMutation,RunNum=3,163.41
NSGA2,ArithmeticCrossover,GreedyMutation,RunNum=4,49.15
NSGA2,ArithmeticCrossover,GreedyMutation,RunNum=5,45.95
NSGA2,ArithmeticCrossover,GreedyMutation,RunNum=6,75.35
NSGA2,ArithmeticCrossover,GreedyMutation,RunNum=7,89.1
NSGA2,ArithmeticCrossover,GreedyMutation,RunNum=8,75.1
NSGA2,ArithmeticCrossover,GreedyMutation,RunNum=9,58.1
NSGA2,ArithmeticCrossover,GreedyMutation,RunNum=10,61.34
NSGA2,ArithmeticCrossover,ReversingMutation,RunNum=1,89.19
NSGA2,ArithmeticCrossover,ReversingMutation,RunNum=2,114.32
NSGA2,ArithmeticCrossover,ReversingMutation,RunNum=3,61.45
NSGA2,ArithmeticCrossover,ReversingMutation,RunNum=4,46.74
NSGA2,ArithmeticCrossover,ReversingMutation,RunNum=5,73703.27
NSGA2,ArithmeticCrossover,ReversingMutation,RunNum=6,61.58
NSGA2,ArithmeticCrossover,ReversingMutation,RunNum=7,85.13
NSGA2,ArithmeticCrossover,ReversingMutation,RunNum=8,68.99
NSGA2,ArithmeticCrossover,ReversingMutation,RunNum=9,90.9
NSGA2,ArithmeticCrossover,ReversingMutation,RunNum=10,230.06
NSGA2,ArithmeticCrossover,BitFlipMutation,RunNum=1,25.98
NSGA2,ArithmeticCrossover,BitFlipMutation,RunNum=2,229.07
NSGA2,ArithmeticCrossover,BitFlipMutation,RunNum=3,46.9
NSGA2,ArithmeticCrossover,BitFlipMutation,RunNum=4,50.68
NSGA2,ArithmeticCrossover,BitFlipMutation,RunNum=5,56.83
NSGA2,ArithmeticCrossover,BitFlipMutation,RunNum=6,42.43
NSGA2,ArithmeticCrossover,BitFlipMutation,RunNum=7,51.38
NSGA2,ArithmeticCrossover,BitFlipMutation,RunNum=8,97.97
NSGA2,ArithmeticCrossover,BitFlipMutation,RunNum=9,294.37
NSGA2,ArithmeticCrossover,BitFlipMutation,RunNum=10,58.02
NSGA2,HUXCrossover,DynamicBitFlipMutation,RunNum=1,173.79
NSGA2,HUXCrossover,DynamicBitFlipMutation,RunNum=2,55.88
NSGA2,HUXCrossover,DynamicBitFlipMutation,RunNum=3,93.77
NSGA2,HUXCrossover,DynamicBitFlipMutation,RunNum=4,69.38
NSGA2,HUXCrossover,DynamicBitFlipMutation,RunNum=5,78.27
NSGA2,HUXCrossover,DynamicBitFlipMutation,RunNum=6,121.69
NSGA2,HUXCrossover,DynamicBitFlipMutation,RunNum=7,43.83
NSGA2,HUXCrossover,DynamicBitFlipMutation,RunNum=8,289.36
NSGA2,HUXCrossover,DynamicBitFlipMutation,RunNum=9,84.56
NSGA2,HUXCrossover,DynamicBitFlipMutation,RunNum=10,76.36
NSGA2,HUXCrossover,InterchangingMutation,RunNum=1,58.9
NSGA2,HUXCrossover,InterchangingMutation,RunNum=2,69.62
NSGA2,HUXCrossover,InterchangingMutation,RunNum=3,83.3
NSGA2,HUXCrossover,InterchangingMutation,RunNum=4,781.17
NSGA2,HUXCrossover,InterchangingMutation,RunNum=5,91.05
NSGA2,HUXCrossover,InterchangingMutation,RunNum=6,105.22
NSGA2,HUXCrossover,InterchangingMutation,RunNum=7,134.38
NSGA2,HUXCrossover,InterchangingMutation,RunNum=8,175.23
NSGA2,HUXCrossover,InterchangingMutation,RunNum=9,202.7
NSGA2,HUXCrossover,InterchangingMutation,RunNum=10,221.35
NSGA2,HUXCrossover,OneBitFlipMutation,RunNum=1,422.21
NSGA2,HUXCrossover,OneBitFlipMutation,RunNum=2,107.59
NSGA2,HUXCrossover,OneBitFlipMutation,RunNum=3,191.61
NSGA2,HUXCrossover,OneBitFlipMutation,RunNum=4,63.65
NSGA2,HUXCrossover,OneBitFlipMutation,RunNum=5,83.67
NSGA2,HUXCrossover,OneBitFlipMutation,RunNum=6,201.74
NSGA2,HUXCrossover,OneBitFlipMutation,RunNum=7,103.14
NSGA2,HUXCrossover,OneBitFlipMutation,RunNum=8,76.6
NSGA2,HUXCrossover,OneBitFlipMutation,RunNum=9,101.13
NSGA2,HUXCrossover,OneBitFlipMutation,RunNum=10,874.39
NSGA2,HUXCrossover,GreedyMutation,RunNum=1,78.67
NSGA2,HUXCrossover,GreedyMutation,RunNum=2,26.11
NSGA2,HUXCrossover,GreedyMutation,RunNum=3,95.84
NSGA2,HUXCrossover,GreedyMutation,RunNum=4,36.34
NSGA2,HUXCrossover,GreedyMutation,RunNum=5,62.73
NSGA2,HUXCrossover,GreedyMutation,RunNum=6,68.15
NSGA2,HUXCrossover,GreedyMutation,RunNum=7,150.93
NSGA2,HUXCrossover,GreedyMutation,RunNum=8,28.61
NSGA2,HUXCrossover,GreedyMutation,RunNum=9,102.85
NSGA2,HUXCrossover,GreedyMutation,RunNum=10,90.88
NSGA2,HUXCrossover,ReversingMutation,RunNum=1,48.9
NSGA2,HUXCrossover,ReversingMutation,RunNum=2,107.12
NSGA2,HUXCrossover,ReversingMutation,RunNum=3,69.23
NSGA2,HUXCrossover,ReversingMutation,RunNum=4,64.83
NSGA2,HUXCrossover,ReversingMutation,RunNum=5,146.92
NSGA2,HUXCrossover,ReversingMutation,RunNum=6,66.03
NSGA2,HUXCrossover,ReversingMutation,RunNum=7,110.32
NSGA2,HUXCrossover,ReversingMutation,RunNum=8,84.33
NSGA2,HUXCrossover,ReversingMutation,RunNum=9,378.23
NSGA2,HUXCrossover,ReversingMutation,RunNum=10,342.69
NSGA2,HUXCrossover,BitFlipMutation,RunNum=1,46.7
NSGA2,HUXCrossover,BitFlipMutation,RunNum=2,239.55
NSGA2,HUXCrossover,BitFlipMutation,RunNum=3,6863.28
NSGA2,HUXCrossover,BitFlipMutation,RunNum=4,97.41
NSGA2,HUXCrossover,BitFlipMutation,RunNum=5,107.83
NSGA2,HUXCrossover,BitFlipMutation,RunNum=6,55.24
NSGA2,HUXCrossover,BitFlipMutation,RunNum=7,43.37
NSGA2,HUXCrossover,BitFlipMutation,RunNum=8,83.48
NSGA2,HUXCrossover,BitFlipMutation,RunNum=9,146.2
NSGA2,HUXCrossover,BitFlipMutation,RunNum=10,100.51
