SPEA2,GroupPointCrossover,DynamicBitFlipMutation,RunNum=1,NaN
SPEA2,GroupPointCrossover,DynamicBitFlipMutation,RunNum=2,NaN
SPEA2,GroupPointCrossover,DynamicBitFlipMutation,RunNum=3,NaN
SPEA2,GroupPointCrossover,DynamicBitFlipMutation,RunNum=4,NaN
SPEA2,GroupPointCrossover,DynamicBitFlipMutation,RunNum=5,NaN
SPEA2,GroupPointCrossover,DynamicBitFlipMutation,RunNum=6,NaN
SPEA2,GroupPointCrossover,DynamicBitFlipMutation,RunNum=7,NaN
SPEA2,GroupPointCrossover,DynamicBitFlipMutation,RunNum=8,NaN
SPEA2,GroupPointCrossover,DynamicBitFlipMutation,RunNum=9,NaN
SPEA2,GroupPointCrossover,DynamicBitFlipMutation,RunNum=10,NaN
SPEA2,GroupPointCrossover,InterchangingMutation,RunNum=1,NaN
SPEA2,GroupPointCrossover,InterchangingMutation,RunNum=2,NaN
SPEA2,GroupPointCrossover,InterchangingMutation,RunNum=3,NaN
SPEA2,GroupPointCrossover,InterchangingMutation,RunNum=4,NaN
SPEA2,GroupPointCrossover,InterchangingMutation,RunNum=5,NaN
SPEA2,GroupPointCrossover,InterchangingMutation,RunNum=6,NaN
SPEA2,GroupPointCrossover,InterchangingMutation,RunNum=7,NaN
SPEA2,GroupPointCrossover,InterchangingMutation,RunNum=8,NaN
SPEA2,GroupPointCrossover,InterchangingMutation,RunNum=9,NaN
SPEA2,GroupPointCrossover,InterchangingMutation,RunNum=10,NaN
SPEA2,GroupPointCrossover,OneBitFlipMutation,RunNum=1,NaN
SPEA2,GroupPointCrossover,OneBitFlipMutation,RunNum=2,NaN
SPEA2,GroupPointCrossover,OneBitFlipMutation,RunNum=3,NaN
SPEA2,GroupPointCrossover,OneBitFlipMutation,RunNum=4,NaN
SPEA2,GroupPointCrossover,OneBitFlipMutation,RunNum=5,NaN
SPEA2,GroupPointCrossover,OneBitFlipMutation,RunNum=6,NaN
SPEA2,GroupPointCrossover,OneBitFlipMutation,RunNum=7,NaN
SPEA2,GroupPointCrossover,OneBitFlipMutation,RunNum=8,NaN
SPEA2,GroupPointCrossover,OneBitFlipMutation,RunNum=9,NaN
SPEA2,GroupPointCrossover,OneBitFlipMutation,RunNum=10,NaN
SPEA2,GroupPointCrossover,GreedyMutation,RunNum=1,NaN
SPEA2,GroupPointCrossover,GreedyMutation,RunNum=2,NaN
SPEA2,GroupPointCrossover,GreedyMutation,RunNum=3,NaN
SPEA2,GroupPointCrossover,GreedyMutation,RunNum=4,NaN
SPEA2,GroupPointCrossover,GreedyMutation,RunNum=5,NaN
SPEA2,GroupPointCrossover,GreedyMutation,RunNum=6,NaN
SPEA2,GroupPointCrossover,GreedyMutation,RunNum=7,NaN
SPEA2,GroupPointCrossover,GreedyMutation,RunNum=8,NaN
SPEA2,GroupPointCrossover,GreedyMutation,RunNum=9,NaN
SPEA2,GroupPointCrossover,GreedyMutation,RunNum=10,NaN
SPEA2,GroupPointCrossover,ReversingMutation,RunNum=1,NaN
SPEA2,GroupPointCrossover,ReversingMutation,RunNum=2,NaN
SPEA2,GroupPointCrossover,ReversingMutation,RunNum=3,NaN
SPEA2,GroupPointCrossover,ReversingMutation,RunNum=4,NaN
SPEA2,GroupPointCrossover,ReversingMutation,RunNum=5,NaN
SPEA2,GroupPointCrossover,ReversingMutation,RunNum=6,NaN
SPEA2,GroupPointCrossover,ReversingMutation,RunNum=7,NaN
SPEA2,GroupPointCrossover,ReversingMutation,RunNum=8,NaN
SPEA2,GroupPointCrossover,ReversingMutation,RunNum=9,NaN
SPEA2,GroupPointCrossover,ReversingMutation,RunNum=10,NaN
SPEA2,GroupPointCrossover,BitFlipMutation,RunNum=1,NaN
SPEA2,GroupPointCrossover,BitFlipMutation,RunNum=2,NaN
SPEA2,GroupPointCrossover,BitFlipMutation,RunNum=3,NaN
SPEA2,GroupPointCrossover,BitFlipMutation,RunNum=4,NaN
SPEA2,GroupPointCrossover,BitFlipMutation,RunNum=5,NaN
SPEA2,GroupPointCrossover,BitFlipMutation,RunNum=6,NaN
SPEA2,GroupPointCrossover,BitFlipMutation,RunNum=7,NaN
SPEA2,GroupPointCrossover,BitFlipMutation,RunNum=8,NaN
SPEA2,GroupPointCrossover,BitFlipMutation,RunNum=9,NaN
SPEA2,GroupPointCrossover,BitFlipMutation,RunNum=10,NaN
SPEA2,SinglePointCrossover,DynamicBitFlipMutation,RunNum=1,NaN
SPEA2,SinglePointCrossover,DynamicBitFlipMutation,RunNum=2,NaN
SPEA2,SinglePointCrossover,DynamicBitFlipMutation,RunNum=3,NaN
SPEA2,SinglePointCrossover,DynamicBitFlipMutation,RunNum=4,NaN
SPEA2,SinglePointCrossover,DynamicBitFlipMutation,RunNum=5,NaN
SPEA2,SinglePointCrossover,DynamicBitFlipMutation,RunNum=6,NaN
SPEA2,SinglePointCrossover,DynamicBitFlipMutation,RunNum=7,NaN
SPEA2,SinglePointCrossover,DynamicBitFlipMutation,RunNum=8,NaN
SPEA2,SinglePointCrossover,DynamicBitFlipMutation,RunNum=9,NaN
SPEA2,SinglePointCrossover,DynamicBitFlipMutation,RunNum=10,NaN
SPEA2,SinglePointCrossover,InterchangingMutation,RunNum=1,NaN
SPEA2,SinglePointCrossover,InterchangingMutation,RunNum=2,NaN
SPEA2,SinglePointCrossover,InterchangingMutation,RunNum=3,NaN
SPEA2,SinglePointCrossover,InterchangingMutation,RunNum=4,NaN
SPEA2,SinglePointCrossover,InterchangingMutation,RunNum=5,NaN
SPEA2,SinglePointCrossover,InterchangingMutation,RunNum=6,NaN
SPEA2,SinglePointCrossover,InterchangingMutation,RunNum=7,NaN
SPEA2,SinglePointCrossover,InterchangingMutation,RunNum=8,NaN
SPEA2,SinglePointCrossover,InterchangingMutation,RunNum=9,NaN
SPEA2,SinglePointCrossover,InterchangingMutation,RunNum=10,NaN
SPEA2,SinglePointCrossover,OneBitFlipMutation,RunNum=1,NaN
SPEA2,SinglePointCrossover,OneBitFlipMutation,RunNum=2,NaN
SPEA2,SinglePointCrossover,OneBitFlipMutation,RunNum=3,NaN
SPEA2,SinglePointCrossover,OneBitFlipMutation,RunNum=4,NaN
SPEA2,SinglePointCrossover,OneBitFlipMutation,RunNum=5,NaN
SPEA2,SinglePointCrossover,OneBitFlipMutation,RunNum=6,NaN
SPEA2,SinglePointCrossover,OneBitFlipMutation,RunNum=7,NaN
SPEA2,SinglePointCrossover,OneBitFlipMutation,RunNum=8,NaN
SPEA2,SinglePointCrossover,OneBitFlipMutation,RunNum=9,NaN
SPEA2,SinglePointCrossover,OneBitFlipMutation,RunNum=10,NaN
SPEA2,SinglePointCrossover,GreedyMutation,RunNum=1,NaN
SPEA2,SinglePointCrossover,GreedyMutation,RunNum=2,NaN
SPEA2,SinglePointCrossover,GreedyMutation,RunNum=3,NaN
SPEA2,SinglePointCrossover,GreedyMutation,RunNum=4,NaN
SPEA2,SinglePointCrossover,GreedyMutation,RunNum=5,NaN
SPEA2,SinglePointCrossover,GreedyMutation,RunNum=6,NaN
SPEA2,SinglePointCrossover,GreedyMutation,RunNum=7,NaN
SPEA2,SinglePointCrossover,GreedyMutation,RunNum=8,NaN
SPEA2,SinglePointCrossover,GreedyMutation,RunNum=9,NaN
SPEA2,SinglePointCrossover,GreedyMutation,RunNum=10,NaN
SPEA2,SinglePointCrossover,ReversingMutation,RunNum=1,NaN
SPEA2,SinglePointCrossover,ReversingMutation,RunNum=2,NaN
SPEA2,SinglePointCrossover,ReversingMutation,RunNum=3,NaN
SPEA2,SinglePointCrossover,ReversingMutation,RunNum=4,NaN
SPEA2,SinglePointCrossover,ReversingMutation,RunNum=5,NaN
SPEA2,SinglePointCrossover,ReversingMutation,RunNum=6,NaN
SPEA2,SinglePointCrossover,ReversingMutation,RunNum=7,NaN
SPEA2,SinglePointCrossover,ReversingMutation,RunNum=8,NaN
SPEA2,SinglePointCrossover,ReversingMutation,RunNum=9,NaN
SPEA2,SinglePointCrossover,ReversingMutation,RunNum=10,NaN
SPEA2,SinglePointCrossover,BitFlipMutation,RunNum=1,NaN
SPEA2,SinglePointCrossover,BitFlipMutation,RunNum=2,NaN
SPEA2,SinglePointCrossover,BitFlipMutation,RunNum=3,NaN
SPEA2,SinglePointCrossover,BitFlipMutation,RunNum=4,NaN
SPEA2,SinglePointCrossover,BitFlipMutation,RunNum=5,NaN
SPEA2,SinglePointCrossover,BitFlipMutation,RunNum=6,NaN
SPEA2,SinglePointCrossover,BitFlipMutation,RunNum=7,NaN
SPEA2,SinglePointCrossover,BitFlipMutation,RunNum=8,NaN
SPEA2,SinglePointCrossover,BitFlipMutation,RunNum=9,NaN
SPEA2,SinglePointCrossover,BitFlipMutation,RunNum=10,NaN
SPEA2,UniformCrossover,DynamicBitFlipMutation,RunNum=1,NaN
SPEA2,UniformCrossover,DynamicBitFlipMutation,RunNum=2,NaN
SPEA2,UniformCrossover,DynamicBitFlipMutation,RunNum=3,NaN
SPEA2,UniformCrossover,DynamicBitFlipMutation,RunNum=4,NaN
SPEA2,UniformCrossover,DynamicBitFlipMutation,RunNum=5,NaN
SPEA2,UniformCrossover,DynamicBitFlipMutation,RunNum=6,NaN
SPEA2,UniformCrossover,DynamicBitFlipMutation,RunNum=7,NaN
SPEA2,UniformCrossover,DynamicBitFlipMutation,RunNum=8,NaN
SPEA2,UniformCrossover,DynamicBitFlipMutation,RunNum=9,NaN
SPEA2,UniformCrossover,DynamicBitFlipMutation,RunNum=10,NaN
SPEA2,UniformCrossover,InterchangingMutation,RunNum=1,NaN
SPEA2,UniformCrossover,InterchangingMutation,RunNum=2,NaN
SPEA2,UniformCrossover,InterchangingMutation,RunNum=3,NaN
SPEA2,UniformCrossover,InterchangingMutation,RunNum=4,NaN
SPEA2,UniformCrossover,InterchangingMutation,RunNum=5,NaN
SPEA2,UniformCrossover,InterchangingMutation,RunNum=6,NaN
SPEA2,UniformCrossover,InterchangingMutation,RunNum=7,NaN
SPEA2,UniformCrossover,InterchangingMutation,RunNum=8,NaN
SPEA2,UniformCrossover,InterchangingMutation,RunNum=9,NaN
SPEA2,UniformCrossover,InterchangingMutation,RunNum=10,NaN
SPEA2,UniformCrossover,OneBitFlipMutation,RunNum=1,NaN
SPEA2,UniformCrossover,OneBitFlipMutation,RunNum=2,NaN
SPEA2,UniformCrossover,OneBitFlipMutation,RunNum=3,NaN
SPEA2,UniformCrossover,OneBitFlipMutation,RunNum=4,NaN
SPEA2,UniformCrossover,OneBitFlipMutation,RunNum=5,NaN
SPEA2,UniformCrossover,OneBitFlipMutation,RunNum=6,NaN
SPEA2,UniformCrossover,OneBitFlipMutation,RunNum=7,NaN
SPEA2,UniformCrossover,OneBitFlipMutation,RunNum=8,NaN
SPEA2,UniformCrossover,OneBitFlipMutation,RunNum=9,NaN
SPEA2,UniformCrossover,OneBitFlipMutation,RunNum=10,NaN
SPEA2,UniformCrossover,GreedyMutation,RunNum=1,NaN
SPEA2,UniformCrossover,GreedyMutation,RunNum=2,NaN
SPEA2,UniformCrossover,GreedyMutation,RunNum=3,NaN
SPEA2,UniformCrossover,GreedyMutation,RunNum=4,NaN
SPEA2,UniformCrossover,GreedyMutation,RunNum=5,NaN
SPEA2,UniformCrossover,GreedyMutation,RunNum=6,NaN
SPEA2,UniformCrossover,GreedyMutation,RunNum=7,NaN
SPEA2,UniformCrossover,GreedyMutation,RunNum=8,NaN
SPEA2,UniformCrossover,GreedyMutation,RunNum=9,NaN
SPEA2,UniformCrossover,GreedyMutation,RunNum=10,NaN
SPEA2,UniformCrossover,ReversingMutation,RunNum=1,NaN
SPEA2,UniformCrossover,ReversingMutation,RunNum=2,NaN
SPEA2,UniformCrossover,ReversingMutation,RunNum=3,NaN
SPEA2,UniformCrossover,ReversingMutation,RunNum=4,NaN
SPEA2,UniformCrossover,ReversingMutation,RunNum=5,NaN
SPEA2,UniformCrossover,ReversingMutation,RunNum=6,NaN
SPEA2,UniformCrossover,ReversingMutation,RunNum=7,NaN
SPEA2,UniformCrossover,ReversingMutation,RunNum=8,NaN
SPEA2,UniformCrossover,ReversingMutation,RunNum=9,NaN
SPEA2,UniformCrossover,ReversingMutation,RunNum=10,NaN
SPEA2,UniformCrossover,BitFlipMutation,RunNum=1,NaN
SPEA2,UniformCrossover,BitFlipMutation,RunNum=2,NaN
SPEA2,UniformCrossover,BitFlipMutation,RunNum=3,NaN
SPEA2,UniformCrossover,BitFlipMutation,RunNum=4,NaN
SPEA2,UniformCrossover,BitFlipMutation,RunNum=5,NaN
SPEA2,UniformCrossover,BitFlipMutation,RunNum=6,NaN
SPEA2,UniformCrossover,BitFlipMutation,RunNum=7,NaN
SPEA2,UniformCrossover,BitFlipMutation,RunNum=8,NaN
SPEA2,UniformCrossover,BitFlipMutation,RunNum=9,NaN
SPEA2,UniformCrossover,BitFlipMutation,RunNum=10,NaN
SPEA2,ReducedSurrogateCrossover,DynamicBitFlipMutation,RunNum=1,NaN
SPEA2,ReducedSurrogateCrossover,DynamicBitFlipMutation,RunNum=2,NaN
SPEA2,ReducedSurrogateCrossover,DynamicBitFlipMutation,RunNum=3,NaN
SPEA2,ReducedSurrogateCrossover,DynamicBitFlipMutation,RunNum=4,NaN
SPEA2,ReducedSurrogateCrossover,DynamicBitFlipMutation,RunNum=5,NaN
SPEA2,ReducedSurrogateCrossover,DynamicBitFlipMutation,RunNum=6,NaN
SPEA2,ReducedSurrogateCrossover,DynamicBitFlipMutation,RunNum=7,NaN
SPEA2,ReducedSurrogateCrossover,DynamicBitFlipMutation,RunNum=8,NaN
SPEA2,ReducedSurrogateCrossover,DynamicBitFlipMutation,RunNum=9,NaN
SPEA2,ReducedSurrogateCrossover,DynamicBitFlipMutation,RunNum=10,NaN
SPEA2,ReducedSurrogateCrossover,InterchangingMutation,RunNum=1,NaN
SPEA2,ReducedSurrogateCrossover,InterchangingMutation,RunNum=2,NaN
SPEA2,ReducedSurrogateCrossover,InterchangingMutation,RunNum=3,NaN
SPEA2,ReducedSurrogateCrossover,InterchangingMutation,RunNum=4,NaN
SPEA2,ReducedSurrogateCrossover,InterchangingMutation,RunNum=5,NaN
SPEA2,ReducedSurrogateCrossover,InterchangingMutation,RunNum=6,NaN
SPEA2,ReducedSurrogateCrossover,InterchangingMutation,RunNum=7,NaN
SPEA2,ReducedSurrogateCrossover,InterchangingMutation,RunNum=8,NaN
SPEA2,ReducedSurrogateCrossover,InterchangingMutation,RunNum=9,NaN
SPEA2,ReducedSurrogateCrossover,InterchangingMutation,RunNum=10,NaN
SPEA2,ReducedSurrogateCrossover,OneBitFlipMutation,RunNum=1,NaN
SPEA2,ReducedSurrogateCrossover,OneBitFlipMutation,RunNum=2,NaN
SPEA2,ReducedSurrogateCrossover,OneBitFlipMutation,RunNum=3,NaN
SPEA2,ReducedSurrogateCrossover,OneBitFlipMutation,RunNum=4,NaN
SPEA2,ReducedSurrogateCrossover,OneBitFlipMutation,RunNum=5,NaN
SPEA2,ReducedSurrogateCrossover,OneBitFlipMutation,RunNum=6,NaN
SPEA2,ReducedSurrogateCrossover,OneBitFlipMutation,RunNum=7,NaN
SPEA2,ReducedSurrogateCrossover,OneBitFlipMutation,RunNum=8,NaN
SPEA2,ReducedSurrogateCrossover,OneBitFlipMutation,RunNum=9,NaN
SPEA2,ReducedSurrogateCrossover,OneBitFlipMutation,RunNum=10,NaN
SPEA2,ReducedSurrogateCrossover,GreedyMutation,RunNum=1,NaN
SPEA2,ReducedSurrogateCrossover,GreedyMutation,RunNum=2,NaN
SPEA2,ReducedSurrogateCrossover,GreedyMutation,RunNum=3,NaN
SPEA2,ReducedSurrogateCrossover,GreedyMutation,RunNum=4,NaN
SPEA2,ReducedSurrogateCrossover,GreedyMutation,RunNum=5,NaN
SPEA2,ReducedSurrogateCrossover,GreedyMutation,RunNum=6,NaN
SPEA2,ReducedSurrogateCrossover,GreedyMutation,RunNum=7,NaN
SPEA2,ReducedSurrogateCrossover,GreedyMutation,RunNum=8,NaN
SPEA2,ReducedSurrogateCrossover,GreedyMutation,RunNum=9,NaN
SPEA2,ReducedSurrogateCrossover,GreedyMutation,RunNum=10,NaN
SPEA2,ReducedSurrogateCrossover,ReversingMutation,RunNum=1,NaN
SPEA2,ReducedSurrogateCrossover,ReversingMutation,RunNum=2,NaN
SPEA2,ReducedSurrogateCrossover,ReversingMutation,RunNum=3,NaN
SPEA2,ReducedSurrogateCrossover,ReversingMutation,RunNum=4,NaN
SPEA2,ReducedSurrogateCrossover,ReversingMutation,RunNum=5,NaN
SPEA2,ReducedSurrogateCrossover,ReversingMutation,RunNum=6,NaN
SPEA2,ReducedSurrogateCrossover,ReversingMutation,RunNum=7,NaN
SPEA2,ReducedSurrogateCrossover,ReversingMutation,RunNum=8,NaN
SPEA2,ReducedSurrogateCrossover,ReversingMutation,RunNum=9,NaN
SPEA2,ReducedSurrogateCrossover,ReversingMutation,RunNum=10,NaN
SPEA2,ReducedSurrogateCrossover,BitFlipMutation,RunNum=1,NaN
SPEA2,ReducedSurrogateCrossover,BitFlipMutation,RunNum=2,NaN
SPEA2,ReducedSurrogateCrossover,BitFlipMutation,RunNum=3,NaN
SPEA2,ReducedSurrogateCrossover,BitFlipMutation,RunNum=4,NaN
SPEA2,ReducedSurrogateCrossover,BitFlipMutation,RunNum=5,NaN
SPEA2,ReducedSurrogateCrossover,BitFlipMutation,RunNum=6,NaN
SPEA2,ReducedSurrogateCrossover,BitFlipMutation,RunNum=7,NaN
SPEA2,ReducedSurrogateCrossover,BitFlipMutation,RunNum=8,NaN
SPEA2,ReducedSurrogateCrossover,BitFlipMutation,RunNum=9,NaN
SPEA2,ReducedSurrogateCrossover,BitFlipMutation,RunNum=10,NaN
SPEA2,ArithmeticCrossover,DynamicBitFlipMutation,RunNum=1,NaN
SPEA2,ArithmeticCrossover,DynamicBitFlipMutation,RunNum=2,NaN
SPEA2,ArithmeticCrossover,DynamicBitFlipMutation,RunNum=3,170.32
SPEA2,ArithmeticCrossover,DynamicBitFlipMutation,RunNum=4,NaN
SPEA2,ArithmeticCrossover,DynamicBitFlipMutation,RunNum=5,NaN
SPEA2,ArithmeticCrossover,DynamicBitFlipMutation,RunNum=6,NaN
SPEA2,ArithmeticCrossover,DynamicBitFlipMutation,RunNum=7,NaN
SPEA2,ArithmeticCrossover,DynamicBitFlipMutation,RunNum=8,NaN
SPEA2,ArithmeticCrossover,DynamicBitFlipMutation,RunNum=9,NaN
SPEA2,ArithmeticCrossover,DynamicBitFlipMutation,RunNum=10,NaN
SPEA2,ArithmeticCrossover,InterchangingMutation,RunNum=1,NaN
SPEA2,ArithmeticCrossover,InterchangingMutation,RunNum=2,NaN
SPEA2,ArithmeticCrossover,InterchangingMutation,RunNum=3,NaN
SPEA2,ArithmeticCrossover,InterchangingMutation,RunNum=4,NaN
SPEA2,ArithmeticCrossover,InterchangingMutation,RunNum=5,42.3
SPEA2,ArithmeticCrossover,InterchangingMutation,RunNum=6,NaN
SPEA2,ArithmeticCrossover,InterchangingMutation,RunNum=7,92.94
SPEA2,ArithmeticCrossover,InterchangingMutation,RunNum=8,NaN
SPEA2,ArithmeticCrossover,InterchangingMutation,RunNum=9,NaN
SPEA2,ArithmeticCrossover,InterchangingMutation,RunNum=10,NaN
SPEA2,ArithmeticCrossover,OneBitFlipMutation,RunNum=1,NaN
SPEA2,ArithmeticCrossover,OneBitFlipMutation,RunNum=2,NaN
SPEA2,ArithmeticCrossover,OneBitFlipMutation,RunNum=3,NaN
SPEA2,ArithmeticCrossover,OneBitFlipMutation,RunNum=4,NaN
SPEA2,ArithmeticCrossover,OneBitFlipMutation,RunNum=5,NaN
SPEA2,ArithmeticCrossover,OneBitFlipMutation,RunNum=6,NaN
SPEA2,ArithmeticCrossover,OneBitFlipMutation,RunNum=7,NaN
SPEA2,ArithmeticCrossover,OneBitFlipMutation,RunNum=8,NaN
SPEA2,ArithmeticCrossover,OneBitFlipMutation,RunNum=9,NaN
SPEA2,ArithmeticCrossover,OneBitFlipMutation,RunNum=10,NaN
SPEA2,ArithmeticCrossover,GreedyMutation,RunNum=1,NaN
SPEA2,ArithmeticCrossover,GreedyMutation,RunNum=2,NaN
SPEA2,ArithmeticCrossover,GreedyMutation,RunNum=3,NaN
SPEA2,ArithmeticCrossover,GreedyMutation,RunNum=4,NaN
SPEA2,ArithmeticCrossover,GreedyMutation,RunNum=5,NaN
SPEA2,ArithmeticCrossover,GreedyMutation,RunNum=6,NaN
SPEA2,ArithmeticCrossover,GreedyMutation,RunNum=7,NaN
SPEA2,ArithmeticCrossover,GreedyMutation,RunNum=8,NaN
SPEA2,ArithmeticCrossover,GreedyMutation,RunNum=9,NaN
SPEA2,ArithmeticCrossover,GreedyMutation,RunNum=10,NaN
SPEA2,ArithmeticCrossover,ReversingMutation,RunNum=1,NaN
SPEA2,ArithmeticCrossover,ReversingMutation,RunNum=2,NaN
SPEA2,ArithmeticCrossover,ReversingMutation,RunNum=3,NaN
SPEA2,ArithmeticCrossover,ReversingMutation,RunNum=4,NaN
SPEA2,ArithmeticCrossover,ReversingMutation,RunNum=5,NaN
SPEA2,ArithmeticCrossover,ReversingMutation,RunNum=6,NaN
SPEA2,ArithmeticCrossover,ReversingMutation,RunNum=7,NaN
SPEA2,ArithmeticCrossover,ReversingMutation,RunNum=8,NaN
SPEA2,ArithmeticCrossover,ReversingMutation,RunNum=9,NaN
SPEA2,ArithmeticCrossover,ReversingMutation,RunNum=10,NaN
SPEA2,ArithmeticCrossover,BitFlipMutation,RunNum=1,NaN
SPEA2,ArithmeticCrossover,BitFlipMutation,RunNum=2,NaN
SPEA2,ArithmeticCrossover,BitFlipMutation,RunNum=3,NaN
SPEA2,ArithmeticCrossover,BitFlipMutation,RunNum=4,NaN
SPEA2,ArithmeticCrossover,BitFlipMutation,RunNum=5,NaN
SPEA2,ArithmeticCrossover,BitFlipMutation,RunNum=6,NaN
SPEA2,ArithmeticCrossover,BitFlipMutation,RunNum=7,NaN
SPEA2,ArithmeticCrossover,BitFlipMutation,RunNum=8,NaN
SPEA2,ArithmeticCrossover,BitFlipMutation,RunNum=9,NaN
SPEA2,ArithmeticCrossover,BitFlipMutation,RunNum=10,NaN
SPEA2,HUXCrossover,DynamicBitFlipMutation,RunNum=1,NaN
SPEA2,HUXCrossover,DynamicBitFlipMutation,RunNum=2,NaN
SPEA2,HUXCrossover,DynamicBitFlipMutation,RunNum=3,NaN
SPEA2,HUXCrossover,DynamicBitFlipMutation,RunNum=4,NaN
SPEA2,HUXCrossover,DynamicBitFlipMutation,RunNum=5,NaN
SPEA2,HUXCrossover,DynamicBitFlipMutation,RunNum=6,NaN
SPEA2,HUXCrossover,DynamicBitFlipMutation,RunNum=7,NaN
SPEA2,HUXCrossover,DynamicBitFlipMutation,RunNum=8,NaN
SPEA2,HUXCrossover,DynamicBitFlipMutation,RunNum=9,NaN
SPEA2,HUXCrossover,DynamicBitFlipMutation,RunNum=10,NaN
SPEA2,HUXCrossover,InterchangingMutation,RunNum=1,NaN
SPEA2,HUXCrossover,InterchangingMutation,RunNum=2,NaN
SPEA2,HUXCrossover,InterchangingMutation,RunNum=3,NaN
SPEA2,HUXCrossover,InterchangingMutation,RunNum=4,NaN
SPEA2,HUXCrossover,InterchangingMutation,RunNum=5,NaN
SPEA2,HUXCrossover,InterchangingMutation,RunNum=6,NaN
SPEA2,HUXCrossover,InterchangingMutation,RunNum=7,NaN
SPEA2,HUXCrossover,InterchangingMutation,RunNum=8,NaN
SPEA2,HUXCrossover,InterchangingMutation,RunNum=9,NaN
SPEA2,HUXCrossover,InterchangingMutation,RunNum=10,NaN
SPEA2,HUXCrossover,OneBitFlipMutation,RunNum=1,NaN
SPEA2,HUXCrossover,OneBitFlipMutation,RunNum=2,NaN
SPEA2,HUXCrossover,OneBitFlipMutation,RunNum=3,NaN
SPEA2,HUXCrossover,OneBitFlipMutation,RunNum=4,NaN
SPEA2,HUXCrossover,OneBitFlipMutation,RunNum=5,NaN
SPEA2,HUXCrossover,OneBitFlipMutation,RunNum=6,NaN
SPEA2,HUXCrossover,OneBitFlipMutation,RunNum=7,NaN
SPEA2,HUXCrossover,OneBitFlipMutation,RunNum=8,NaN
SPEA2,HUXCrossover,OneBitFlipMutation,RunNum=9,NaN
SPEA2,HUXCrossover,OneBitFlipMutation,RunNum=10,NaN
SPEA2,HUXCrossover,GreedyMutation,RunNum=1,NaN
SPEA2,HUXCrossover,GreedyMutation,RunNum=2,NaN
SPEA2,HUXCrossover,GreedyMutation,RunNum=3,NaN
SPEA2,HUXCrossover,GreedyMutation,RunNum=4,NaN
SPEA2,HUXCrossover,GreedyMutation,RunNum=5,NaN
SPEA2,HUXCrossover,GreedyMutation,RunNum=6,NaN
SPEA2,HUXCrossover,GreedyMutation,RunNum=7,NaN
SPEA2,HUXCrossover,GreedyMutation,RunNum=8,NaN
SPEA2,HUXCrossover,GreedyMutation,RunNum=9,NaN
SPEA2,HUXCrossover,GreedyMutation,RunNum=10,NaN
SPEA2,HUXCrossover,ReversingMutation,RunNum=1,NaN
SPEA2,HUXCrossover,ReversingMutation,RunNum=2,NaN
SPEA2,HUXCrossover,ReversingMutation,RunNum=3,NaN
SPEA2,HUXCrossover,ReversingMutation,RunNum=4,NaN
SPEA2,HUXCrossover,ReversingMutation,RunNum=5,NaN
SPEA2,HUXCrossover,ReversingMutation,RunNum=6,NaN
SPEA2,HUXCrossover,ReversingMutation,RunNum=7,NaN
SPEA2,HUXCrossover,ReversingMutation,RunNum=8,NaN
SPEA2,HUXCrossover,ReversingMutation,RunNum=9,NaN
SPEA2,HUXCrossover,ReversingMutation,RunNum=10,NaN
SPEA2,HUXCrossover,BitFlipMutation,RunNum=1,NaN
SPEA2,HUXCrossover,BitFlipMutation,RunNum=2,NaN
SPEA2,HUXCrossover,BitFlipMutation,RunNum=3,NaN
SPEA2,HUXCrossover,BitFlipMutation,RunNum=4,NaN
SPEA2,HUXCrossover,BitFlipMutation,RunNum=5,NaN
SPEA2,HUXCrossover,BitFlipMutation,RunNum=6,NaN
SPEA2,HUXCrossover,BitFlipMutation,RunNum=7,NaN
SPEA2,HUXCrossover,BitFlipMutation,RunNum=8,NaN
SPEA2,HUXCrossover,BitFlipMutation,RunNum=9,NaN
SPEA2,HUXCrossover,BitFlipMutation,RunNum=10,NaN
IBEA,GroupPointCrossover,DynamicBitFlipMutation,RunNum=1,NaN
IBEA,GroupPointCrossover,DynamicBitFlipMutation,RunNum=2,NaN
IBEA,GroupPointCrossover,DynamicBitFlipMutation,RunNum=3,NaN
IBEA,GroupPointCrossover,DynamicBitFlipMutation,RunNum=4,NaN
IBEA,GroupPointCrossover,DynamicBitFlipMutation,RunNum=5,NaN
IBEA,GroupPointCrossover,DynamicBitFlipMutation,RunNum=6,NaN
IBEA,GroupPointCrossover,DynamicBitFlipMutation,RunNum=7,NaN
IBEA,GroupPointCrossover,DynamicBitFlipMutation,RunNum=8,NaN
IBEA,GroupPointCrossover,DynamicBitFlipMutation,RunNum=9,NaN
IBEA,GroupPointCrossover,DynamicBitFlipMutation,RunNum=10,NaN
IBEA,GroupPointCrossover,InterchangingMutation,RunNum=1,NaN
IBEA,GroupPointCrossover,InterchangingMutation,RunNum=2,NaN
IBEA,GroupPointCrossover,InterchangingMutation,RunNum=3,NaN
IBEA,GroupPointCrossover,InterchangingMutation,RunNum=4,NaN
IBEA,GroupPointCrossover,InterchangingMutation,RunNum=5,NaN
IBEA,GroupPointCrossover,InterchangingMutation,RunNum=6,NaN
IBEA,GroupPointCrossover,InterchangingMutation,RunNum=7,NaN
IBEA,GroupPointCrossover,InterchangingMutation,RunNum=8,NaN
IBEA,GroupPointCrossover,InterchangingMutation,RunNum=9,NaN
IBEA,GroupPointCrossover,InterchangingMutation,RunNum=10,NaN
IBEA,GroupPointCrossover,OneBitFlipMutation,RunNum=1,NaN
IBEA,GroupPointCrossover,OneBitFlipMutation,RunNum=2,NaN
IBEA,GroupPointCrossover,OneBitFlipMutation,RunNum=3,NaN
IBEA,GroupPointCrossover,OneBitFlipMutation,RunNum=4,NaN
IBEA,GroupPointCrossover,OneBitFlipMutation,RunNum=5,NaN
IBEA,GroupPointCrossover,OneBitFlipMutation,RunNum=6,NaN
IBEA,GroupPointCrossover,OneBitFlipMutation,RunNum=7,NaN
IBEA,GroupPointCrossover,OneBitFlipMutation,RunNum=8,NaN
IBEA,GroupPointCrossover,OneBitFlipMutation,RunNum=9,NaN
IBEA,GroupPointCrossover,OneBitFlipMutation,RunNum=10,NaN
IBEA,GroupPointCrossover,GreedyMutation,RunNum=1,NaN
IBEA,GroupPointCrossover,GreedyMutation,RunNum=2,NaN
IBEA,GroupPointCrossover,GreedyMutation,RunNum=3,NaN
IBEA,GroupPointCrossover,GreedyMutation,RunNum=4,NaN
IBEA,GroupPointCrossover,GreedyMutation,RunNum=5,NaN
IBEA,GroupPointCrossover,GreedyMutation,RunNum=6,NaN
IBEA,GroupPointCrossover,GreedyMutation,RunNum=7,NaN
IBEA,GroupPointCrossover,GreedyMutation,RunNum=8,NaN
IBEA,GroupPointCrossover,GreedyMutation,RunNum=9,NaN
IBEA,GroupPointCrossover,GreedyMutation,RunNum=10,NaN
IBEA,GroupPointCrossover,ReversingMutation,RunNum=1,NaN
IBEA,GroupPointCrossover,ReversingMutation,RunNum=2,NaN
IBEA,GroupPointCrossover,ReversingMutation,RunNum=3,NaN
IBEA,GroupPointCrossover,ReversingMutation,RunNum=4,NaN
IBEA,GroupPointCrossover,ReversingMutation,RunNum=5,NaN
IBEA,GroupPointCrossover,ReversingMutation,RunNum=6,NaN
IBEA,GroupPointCrossover,ReversingMutation,RunNum=7,NaN
IBEA,GroupPointCrossover,ReversingMutation,RunNum=8,NaN
IBEA,GroupPointCrossover,ReversingMutation,RunNum=9,NaN
IBEA,GroupPointCrossover,ReversingMutation,RunNum=10,NaN
IBEA,GroupPointCrossover,BitFlipMutation,RunNum=1,NaN
IBEA,GroupPointCrossover,BitFlipMutation,RunNum=2,NaN
IBEA,GroupPointCrossover,BitFlipMutation,RunNum=3,NaN
IBEA,GroupPointCrossover,BitFlipMutation,RunNum=4,NaN
IBEA,GroupPointCrossover,BitFlipMutation,RunNum=5,NaN
IBEA,GroupPointCrossover,BitFlipMutation,RunNum=6,NaN
IBEA,GroupPointCrossover,BitFlipMutation,RunNum=7,NaN
IBEA,GroupPointCrossover,BitFlipMutation,RunNum=8,NaN
IBEA,GroupPointCrossover,BitFlipMutation,RunNum=9,NaN
IBEA,GroupPointCrossover,BitFlipMutation,RunNum=10,NaN
IBEA,SinglePointCrossover,DynamicBitFlipMutation,RunNum=1,NaN
IBEA,SinglePointCrossover,DynamicBitFlipMutation,RunNum=2,NaN
IBEA,SinglePointCrossover,DynamicBitFlipMutation,RunNum=3,NaN
IBEA,SinglePointCrossover,DynamicBitFlipMutation,RunNum=4,NaN
IBEA,SinglePointCrossover,DynamicBitFlipMutation,RunNum=5,NaN
IBEA,SinglePointCrossover,DynamicBitFlipMutation,RunNum=6,NaN
IBEA,SinglePointCrossover,DynamicBitFlipMutation,RunNum=7,NaN
IBEA,SinglePointCrossover,DynamicBitFlipMutation,RunNum=8,NaN
IBEA,SinglePointCrossover,DynamicBitFlipMutation,RunNum=9,NaN
IBEA,SinglePointCrossover,DynamicBitFlipMutation,RunNum=10,NaN
IBEA,SinglePointCrossover,InterchangingMutation,RunNum=1,NaN
IBEA,SinglePointCrossover,InterchangingMutation,RunNum=2,NaN
IBEA,SinglePointCrossover,InterchangingMutation,RunNum=3,NaN
IBEA,SinglePointCrossover,InterchangingMutation,RunNum=4,NaN
IBEA,SinglePointCrossover,InterchangingMutation,RunNum=5,NaN
IBEA,SinglePointCrossover,InterchangingMutation,RunNum=6,NaN
IBEA,SinglePointCrossover,InterchangingMutation,RunNum=7,NaN
IBEA,SinglePointCrossover,InterchangingMutation,RunNum=8,NaN
IBEA,SinglePointCrossover,InterchangingMutation,RunNum=9,NaN
IBEA,SinglePointCrossover,InterchangingMutation,RunNum=10,NaN
IBEA,SinglePointCrossover,OneBitFlipMutation,RunNum=1,NaN
IBEA,SinglePointCrossover,OneBitFlipMutation,RunNum=2,NaN
IBEA,SinglePointCrossover,OneBitFlipMutation,RunNum=3,NaN
IBEA,SinglePointCrossover,OneBitFlipMutation,RunNum=4,NaN
IBEA,SinglePointCrossover,OneBitFlipMutation,RunNum=5,NaN
IBEA,SinglePointCrossover,OneBitFlipMutation,RunNum=6,NaN
IBEA,SinglePointCrossover,OneBitFlipMutation,RunNum=7,NaN
IBEA,SinglePointCrossover,OneBitFlipMutation,RunNum=8,NaN
IBEA,SinglePointCrossover,OneBitFlipMutation,RunNum=9,NaN
IBEA,SinglePointCrossover,OneBitFlipMutation,RunNum=10,NaN
IBEA,SinglePointCrossover,GreedyMutation,RunNum=1,NaN
IBEA,SinglePointCrossover,GreedyMutation,RunNum=2,NaN
IBEA,SinglePointCrossover,GreedyMutation,RunNum=3,NaN
IBEA,SinglePointCrossover,GreedyMutation,RunNum=4,NaN
IBEA,SinglePointCrossover,GreedyMutation,RunNum=5,NaN
IBEA,SinglePointCrossover,GreedyMutation,RunNum=6,NaN
IBEA,SinglePointCrossover,GreedyMutation,RunNum=7,NaN
IBEA,SinglePointCrossover,GreedyMutation,RunNum=8,NaN
IBEA,SinglePointCrossover,GreedyMutation,RunNum=9,NaN
IBEA,SinglePointCrossover,GreedyMutation,RunNum=10,NaN
IBEA,SinglePointCrossover,ReversingMutation,RunNum=1,NaN
IBEA,SinglePointCrossover,ReversingMutation,RunNum=2,NaN
IBEA,SinglePointCrossover,ReversingMutation,RunNum=3,NaN
IBEA,SinglePointCrossover,ReversingMutation,RunNum=4,NaN
IBEA,SinglePointCrossover,ReversingMutation,RunNum=5,NaN
IBEA,SinglePointCrossover,ReversingMutation,RunNum=6,NaN
IBEA,SinglePointCrossover,ReversingMutation,RunNum=7,NaN
IBEA,SinglePointCrossover,ReversingMutation,RunNum=8,NaN
IBEA,SinglePointCrossover,ReversingMutation,RunNum=9,NaN
IBEA,SinglePointCrossover,ReversingMutation,RunNum=10,NaN
IBEA,SinglePointCrossover,BitFlipMutation,RunNum=1,NaN
IBEA,SinglePointCrossover,BitFlipMutation,RunNum=2,NaN
IBEA,SinglePointCrossover,BitFlipMutation,RunNum=3,NaN
IBEA,SinglePointCrossover,BitFlipMutation,RunNum=4,NaN
IBEA,SinglePointCrossover,BitFlipMutation,RunNum=5,NaN
IBEA,SinglePointCrossover,BitFlipMutation,RunNum=6,NaN
IBEA,SinglePointCrossover,BitFlipMutation,RunNum=7,NaN
IBEA,SinglePointCrossover,BitFlipMutation,RunNum=8,NaN
IBEA,SinglePointCrossover,BitFlipMutation,RunNum=9,NaN
IBEA,SinglePointCrossover,BitFlipMutation,RunNum=10,NaN
IBEA,UniformCrossover,DynamicBitFlipMutation,RunNum=1,NaN
IBEA,UniformCrossover,DynamicBitFlipMutation,RunNum=2,NaN
IBEA,UniformCrossover,DynamicBitFlipMutation,RunNum=3,NaN
IBEA,UniformCrossover,DynamicBitFlipMutation,RunNum=4,NaN
IBEA,UniformCrossover,DynamicBitFlipMutation,RunNum=5,NaN
IBEA,UniformCrossover,DynamicBitFlipMutation,RunNum=6,NaN
IBEA,UniformCrossover,DynamicBitFlipMutation,RunNum=7,NaN
IBEA,UniformCrossover,DynamicBitFlipMutation,RunNum=8,NaN
IBEA,UniformCrossover,DynamicBitFlipMutation,RunNum=9,NaN
IBEA,UniformCrossover,DynamicBitFlipMutation,RunNum=10,NaN
IBEA,UniformCrossover,InterchangingMutation,RunNum=1,NaN
IBEA,UniformCrossover,InterchangingMutation,RunNum=2,NaN
IBEA,UniformCrossover,InterchangingMutation,RunNum=3,NaN
IBEA,UniformCrossover,InterchangingMutation,RunNum=4,NaN
IBEA,UniformCrossover,InterchangingMutation,RunNum=5,NaN
IBEA,UniformCrossover,InterchangingMutation,RunNum=6,NaN
IBEA,UniformCrossover,InterchangingMutation,RunNum=7,NaN
IBEA,UniformCrossover,InterchangingMutation,RunNum=8,NaN
IBEA,UniformCrossover,InterchangingMutation,RunNum=9,NaN
IBEA,UniformCrossover,InterchangingMutation,RunNum=10,NaN
IBEA,UniformCrossover,OneBitFlipMutation,RunNum=1,NaN
IBEA,UniformCrossover,OneBitFlipMutation,RunNum=2,NaN
IBEA,UniformCrossover,OneBitFlipMutation,RunNum=3,NaN
IBEA,UniformCrossover,OneBitFlipMutation,RunNum=4,NaN
IBEA,UniformCrossover,OneBitFlipMutation,RunNum=5,NaN
IBEA,UniformCrossover,OneBitFlipMutation,RunNum=6,NaN
IBEA,UniformCrossover,OneBitFlipMutation,RunNum=7,NaN
IBEA,UniformCrossover,OneBitFlipMutation,RunNum=8,NaN
IBEA,UniformCrossover,OneBitFlipMutation,RunNum=9,NaN
IBEA,UniformCrossover,OneBitFlipMutation,RunNum=10,NaN
IBEA,UniformCrossover,GreedyMutation,RunNum=1,NaN
IBEA,UniformCrossover,GreedyMutation,RunNum=2,NaN
IBEA,UniformCrossover,GreedyMutation,RunNum=3,NaN
IBEA,UniformCrossover,GreedyMutation,RunNum=4,NaN
IBEA,UniformCrossover,GreedyMutation,RunNum=5,NaN
IBEA,UniformCrossover,GreedyMutation,RunNum=6,NaN
IBEA,UniformCrossover,GreedyMutation,RunNum=7,NaN
IBEA,UniformCrossover,GreedyMutation,RunNum=8,NaN
IBEA,UniformCrossover,GreedyMutation,RunNum=9,NaN
IBEA,UniformCrossover,GreedyMutation,RunNum=10,NaN
IBEA,UniformCrossover,ReversingMutation,RunNum=1,NaN
IBEA,UniformCrossover,ReversingMutation,RunNum=2,NaN
IBEA,UniformCrossover,ReversingMutation,RunNum=3,NaN
IBEA,UniformCrossover,ReversingMutation,RunNum=4,NaN
IBEA,UniformCrossover,ReversingMutation,RunNum=5,NaN
IBEA,UniformCrossover,ReversingMutation,RunNum=6,NaN
IBEA,UniformCrossover,ReversingMutation,RunNum=7,NaN
IBEA,UniformCrossover,ReversingMutation,RunNum=8,NaN
IBEA,UniformCrossover,ReversingMutation,RunNum=9,NaN
IBEA,UniformCrossover,ReversingMutation,RunNum=10,NaN
IBEA,UniformCrossover,BitFlipMutation,RunNum=1,NaN
IBEA,UniformCrossover,BitFlipMutation,RunNum=2,NaN
IBEA,UniformCrossover,BitFlipMutation,RunNum=3,NaN
IBEA,UniformCrossover,BitFlipMutation,RunNum=4,NaN
IBEA,UniformCrossover,BitFlipMutation,RunNum=5,NaN
IBEA,UniformCrossover,BitFlipMutation,RunNum=6,NaN
IBEA,UniformCrossover,BitFlipMutation,RunNum=7,NaN
IBEA,UniformCrossover,BitFlipMutation,RunNum=8,NaN
IBEA,UniformCrossover,BitFlipMutation,RunNum=9,NaN
IBEA,UniformCrossover,BitFlipMutation,RunNum=10,NaN
IBEA,ReducedSurrogateCrossover,DynamicBitFlipMutation,RunNum=1,NaN
IBEA,ReducedSurrogateCrossover,DynamicBitFlipMutation,RunNum=2,NaN
IBEA,ReducedSurrogateCrossover,DynamicBitFlipMutation,RunNum=3,NaN
IBEA,ReducedSurrogateCrossover,DynamicBitFlipMutation,RunNum=4,NaN
IBEA,ReducedSurrogateCrossover,DynamicBitFlipMutation,RunNum=5,NaN
IBEA,ReducedSurrogateCrossover,DynamicBitFlipMutation,RunNum=6,NaN
IBEA,ReducedSurrogateCrossover,DynamicBitFlipMutation,RunNum=7,NaN
IBEA,ReducedSurrogateCrossover,DynamicBitFlipMutation,RunNum=8,NaN
IBEA,ReducedSurrogateCrossover,DynamicBitFlipMutation,RunNum=9,NaN
IBEA,ReducedSurrogateCrossover,DynamicBitFlipMutation,RunNum=10,NaN
IBEA,ReducedSurrogateCrossover,InterchangingMutation,RunNum=1,NaN
IBEA,ReducedSurrogateCrossover,InterchangingMutation,RunNum=2,NaN
IBEA,ReducedSurrogateCrossover,InterchangingMutation,RunNum=3,NaN
IBEA,ReducedSurrogateCrossover,InterchangingMutation,RunNum=4,NaN
IBEA,ReducedSurrogateCrossover,InterchangingMutation,RunNum=5,NaN
IBEA,ReducedSurrogateCrossover,InterchangingMutation,RunNum=6,NaN
IBEA,ReducedSurrogateCrossover,InterchangingMutation,RunNum=7,NaN
IBEA,ReducedSurrogateCrossover,InterchangingMutation,RunNum=8,NaN
IBEA,ReducedSurrogateCrossover,InterchangingMutation,RunNum=9,NaN
IBEA,ReducedSurrogateCrossover,InterchangingMutation,RunNum=10,NaN
IBEA,ReducedSurrogateCrossover,OneBitFlipMutation,RunNum=1,NaN
IBEA,ReducedSurrogateCrossover,OneBitFlipMutation,RunNum=2,NaN
IBEA,ReducedSurrogateCrossover,OneBitFlipMutation,RunNum=3,NaN
IBEA,ReducedSurrogateCrossover,OneBitFlipMutation,RunNum=4,NaN
IBEA,ReducedSurrogateCrossover,OneBitFlipMutation,RunNum=5,NaN
IBEA,ReducedSurrogateCrossover,OneBitFlipMutation,RunNum=6,NaN
IBEA,ReducedSurrogateCrossover,OneBitFlipMutation,RunNum=7,NaN
IBEA,ReducedSurrogateCrossover,OneBitFlipMutation,RunNum=8,NaN
IBEA,ReducedSurrogateCrossover,OneBitFlipMutation,RunNum=9,NaN
IBEA,ReducedSurrogateCrossover,OneBitFlipMutation,RunNum=10,NaN
IBEA,ReducedSurrogateCrossover,GreedyMutation,RunNum=1,NaN
IBEA,ReducedSurrogateCrossover,GreedyMutation,RunNum=2,NaN
IBEA,ReducedSurrogateCrossover,GreedyMutation,RunNum=3,NaN
IBEA,ReducedSurrogateCrossover,GreedyMutation,RunNum=4,NaN
IBEA,ReducedSurrogateCrossover,GreedyMutation,RunNum=5,NaN
IBEA,ReducedSurrogateCrossover,GreedyMutation,RunNum=6,NaN
IBEA,ReducedSurrogateCrossover,GreedyMutation,RunNum=7,NaN
IBEA,ReducedSurrogateCrossover,GreedyMutation,RunNum=8,NaN
IBEA,ReducedSurrogateCrossover,GreedyMutation,RunNum=9,NaN
IBEA,ReducedSurrogateCrossover,GreedyMutation,RunNum=10,NaN
IBEA,ReducedSurrogateCrossover,ReversingMutation,RunNum=1,NaN
IBEA,ReducedSurrogateCrossover,ReversingMutation,RunNum=2,NaN
IBEA,ReducedSurrogateCrossover,ReversingMutation,RunNum=3,NaN
IBEA,ReducedSurrogateCrossover,ReversingMutation,RunNum=4,NaN
IBEA,ReducedSurrogateCrossover,ReversingMutation,RunNum=5,NaN
IBEA,ReducedSurrogateCrossover,ReversingMutation,RunNum=6,NaN
IBEA,ReducedSurrogateCrossover,ReversingMutation,RunNum=7,NaN
IBEA,ReducedSurrogateCrossover,ReversingMutation,RunNum=8,NaN
IBEA,ReducedSurrogateCrossover,ReversingMutation,RunNum=9,NaN
IBEA,ReducedSurrogateCrossover,ReversingMutation,RunNum=10,NaN
IBEA,ReducedSurrogateCrossover,BitFlipMutation,RunNum=1,NaN
IBEA,ReducedSurrogateCrossover,BitFlipMutation,RunNum=2,NaN
IBEA,ReducedSurrogateCrossover,BitFlipMutation,RunNum=3,NaN
IBEA,ReducedSurrogateCrossover,BitFlipMutation,RunNum=4,NaN
IBEA,ReducedSurrogateCrossover,BitFlipMutation,RunNum=5,NaN
IBEA,ReducedSurrogateCrossover,BitFlipMutation,RunNum=6,NaN
IBEA,ReducedSurrogateCrossover,BitFlipMutation,RunNum=7,NaN
IBEA,ReducedSurrogateCrossover,BitFlipMutation,RunNum=8,NaN
IBEA,ReducedSurrogateCrossover,BitFlipMutation,RunNum=9,NaN
IBEA,ReducedSurrogateCrossover,BitFlipMutation,RunNum=10,NaN
IBEA,ArithmeticCrossover,DynamicBitFlipMutation,RunNum=1,NaN
IBEA,ArithmeticCrossover,DynamicBitFlipMutation,RunNum=2,NaN
IBEA,ArithmeticCrossover,DynamicBitFlipMutation,RunNum=3,NaN
IBEA,ArithmeticCrossover,DynamicBitFlipMutation,RunNum=4,NaN
IBEA,ArithmeticCrossover,DynamicBitFlipMutation,RunNum=5,NaN
IBEA,ArithmeticCrossover,DynamicBitFlipMutation,RunNum=6,NaN
IBEA,ArithmeticCrossover,DynamicBitFlipMutation,RunNum=7,NaN
IBEA,ArithmeticCrossover,DynamicBitFlipMutation,RunNum=8,NaN
IBEA,ArithmeticCrossover,DynamicBitFlipMutation,RunNum=9,NaN
IBEA,ArithmeticCrossover,DynamicBitFlipMutation,RunNum=10,NaN
IBEA,ArithmeticCrossover,InterchangingMutation,RunNum=1,NaN
IBEA,ArithmeticCrossover,InterchangingMutation,RunNum=2,NaN
IBEA,ArithmeticCrossover,InterchangingMutation,RunNum=3,NaN
IBEA,ArithmeticCrossover,InterchangingMutation,RunNum=4,NaN
IBEA,ArithmeticCrossover,InterchangingMutation,RunNum=5,NaN
IBEA,ArithmeticCrossover,InterchangingMutation,RunNum=6,NaN
IBEA,ArithmeticCrossover,InterchangingMutation,RunNum=7,NaN
IBEA,ArithmeticCrossover,InterchangingMutation,RunNum=8,NaN
IBEA,ArithmeticCrossover,InterchangingMutation,RunNum=9,NaN
IBEA,ArithmeticCrossover,InterchangingMutation,RunNum=10,NaN
IBEA,ArithmeticCrossover,OneBitFlipMutation,RunNum=1,NaN
IBEA,ArithmeticCrossover,OneBitFlipMutation,RunNum=2,NaN
IBEA,ArithmeticCrossover,OneBitFlipMutation,RunNum=3,NaN
IBEA,ArithmeticCrossover,OneBitFlipMutation,RunNum=4,NaN
IBEA,ArithmeticCrossover,OneBitFlipMutation,RunNum=5,NaN
IBEA,ArithmeticCrossover,OneBitFlipMutation,RunNum=6,105.37
IBEA,ArithmeticCrossover,OneBitFlipMutation,RunNum=7,NaN
IBEA,ArithmeticCrossover,OneBitFlipMutation,RunNum=8,NaN
IBEA,ArithmeticCrossover,OneBitFlipMutation,RunNum=9,NaN
IBEA,ArithmeticCrossover,OneBitFlipMutation,RunNum=10,NaN
IBEA,ArithmeticCrossover,GreedyMutation,RunNum=1,NaN
IBEA,ArithmeticCrossover,GreedyMutation,RunNum=2,NaN
IBEA,ArithmeticCrossover,GreedyMutation,RunNum=3,NaN
IBEA,ArithmeticCrossover,GreedyMutation,RunNum=4,NaN
IBEA,ArithmeticCrossover,GreedyMutation,RunNum=5,NaN
IBEA,ArithmeticCrossover,GreedyMutation,RunNum=6,NaN
IBEA,ArithmeticCrossover,GreedyMutation,RunNum=7,NaN
IBEA,ArithmeticCrossover,GreedyMutation,RunNum=8,NaN
IBEA,ArithmeticCrossover,GreedyMutation,RunNum=9,NaN
IBEA,ArithmeticCrossover,GreedyMutation,RunNum=10,NaN
IBEA,ArithmeticCrossover,ReversingMutation,RunNum=1,NaN
IBEA,ArithmeticCrossover,ReversingMutation,RunNum=2,NaN
IBEA,ArithmeticCrossover,ReversingMutation,RunNum=3,NaN
IBEA,ArithmeticCrossover,ReversingMutation,RunNum=4,NaN
IBEA,ArithmeticCrossover,ReversingMutation,RunNum=5,NaN
IBEA,ArithmeticCrossover,ReversingMutation,RunNum=6,NaN
IBEA,ArithmeticCrossover,ReversingMutation,RunNum=7,NaN
IBEA,ArithmeticCrossover,ReversingMutation,RunNum=8,NaN
IBEA,ArithmeticCrossover,ReversingMutation,RunNum=9,NaN
IBEA,ArithmeticCrossover,ReversingMutation,RunNum=10,NaN
IBEA,ArithmeticCrossover,BitFlipMutation,RunNum=1,NaN
IBEA,ArithmeticCrossover,BitFlipMutation,RunNum=2,NaN
IBEA,ArithmeticCrossover,BitFlipMutation,RunNum=3,NaN
IBEA,ArithmeticCrossover,BitFlipMutation,RunNum=4,NaN
IBEA,ArithmeticCrossover,BitFlipMutation,RunNum=5,NaN
IBEA,ArithmeticCrossover,BitFlipMutation,RunNum=6,NaN
IBEA,ArithmeticCrossover,BitFlipMutation,RunNum=7,NaN
IBEA,ArithmeticCrossover,BitFlipMutation,RunNum=8,NaN
IBEA,ArithmeticCrossover,BitFlipMutation,RunNum=9,NaN
IBEA,ArithmeticCrossover,BitFlipMutation,RunNum=10,NaN
IBEA,HUXCrossover,DynamicBitFlipMutation,RunNum=1,NaN
IBEA,HUXCrossover,DynamicBitFlipMutation,RunNum=2,NaN
IBEA,HUXCrossover,DynamicBitFlipMutation,RunNum=3,NaN
IBEA,HUXCrossover,DynamicBitFlipMutation,RunNum=4,NaN
IBEA,HUXCrossover,DynamicBitFlipMutation,RunNum=5,NaN
IBEA,HUXCrossover,DynamicBitFlipMutation,RunNum=6,NaN
IBEA,HUXCrossover,DynamicBitFlipMutation,RunNum=7,NaN
IBEA,HUXCrossover,DynamicBitFlipMutation,RunNum=8,NaN
IBEA,HUXCrossover,DynamicBitFlipMutation,RunNum=9,NaN
IBEA,HUXCrossover,DynamicBitFlipMutation,RunNum=10,NaN
IBEA,HUXCrossover,InterchangingMutation,RunNum=1,NaN
IBEA,HUXCrossover,InterchangingMutation,RunNum=2,NaN
IBEA,HUXCrossover,InterchangingMutation,RunNum=3,NaN
IBEA,HUXCrossover,InterchangingMutation,RunNum=4,NaN
IBEA,HUXCrossover,InterchangingMutation,RunNum=5,NaN
IBEA,HUXCrossover,InterchangingMutation,RunNum=6,NaN
IBEA,HUXCrossover,InterchangingMutation,RunNum=7,NaN
IBEA,HUXCrossover,InterchangingMutation,RunNum=8,NaN
IBEA,HUXCrossover,InterchangingMutation,RunNum=9,NaN
IBEA,HUXCrossover,InterchangingMutation,RunNum=10,NaN
IBEA,HUXCrossover,OneBitFlipMutation,RunNum=1,NaN
IBEA,HUXCrossover,OneBitFlipMutation,RunNum=2,NaN
IBEA,HUXCrossover,OneBitFlipMutation,RunNum=3,NaN
IBEA,HUXCrossover,OneBitFlipMutation,RunNum=4,NaN
IBEA,HUXCrossover,OneBitFlipMutation,RunNum=5,NaN
IBEA,HUXCrossover,OneBitFlipMutation,RunNum=6,NaN
IBEA,HUXCrossover,OneBitFlipMutation,RunNum=7,NaN
IBEA,HUXCrossover,OneBitFlipMutation,RunNum=8,NaN
IBEA,HUXCrossover,OneBitFlipMutation,RunNum=9,NaN
IBEA,HUXCrossover,OneBitFlipMutation,RunNum=10,NaN
IBEA,HUXCrossover,GreedyMutation,RunNum=1,NaN
IBEA,HUXCrossover,GreedyMutation,RunNum=2,NaN
IBEA,HUXCrossover,GreedyMutation,RunNum=3,NaN
IBEA,HUXCrossover,GreedyMutation,RunNum=4,NaN
IBEA,HUXCrossover,GreedyMutation,RunNum=5,NaN
IBEA,HUXCrossover,GreedyMutation,RunNum=6,NaN
IBEA,HUXCrossover,GreedyMutation,RunNum=7,NaN
IBEA,HUXCrossover,GreedyMutation,RunNum=8,NaN
IBEA,HUXCrossover,GreedyMutation,RunNum=9,NaN
IBEA,HUXCrossover,GreedyMutation,RunNum=10,NaN
IBEA,HUXCrossover,ReversingMutation,RunNum=1,NaN
IBEA,HUXCrossover,ReversingMutation,RunNum=2,NaN
IBEA,HUXCrossover,ReversingMutation,RunNum=3,NaN
IBEA,HUXCrossover,ReversingMutation,RunNum=4,NaN
IBEA,HUXCrossover,ReversingMutation,RunNum=5,NaN
IBEA,HUXCrossover,ReversingMutation,RunNum=6,NaN
IBEA,HUXCrossover,ReversingMutation,RunNum=7,NaN
IBEA,HUXCrossover,ReversingMutation,RunNum=8,NaN
IBEA,HUXCrossover,ReversingMutation,RunNum=9,NaN
IBEA,HUXCrossover,ReversingMutation,RunNum=10,NaN
IBEA,HUXCrossover,BitFlipMutation,RunNum=1,NaN
IBEA,HUXCrossover,BitFlipMutation,RunNum=2,NaN
IBEA,HUXCrossover,BitFlipMutation,RunNum=3,NaN
IBEA,HUXCrossover,BitFlipMutation,RunNum=4,NaN
IBEA,HUXCrossover,BitFlipMutation,RunNum=5,NaN
IBEA,HUXCrossover,BitFlipMutation,RunNum=6,NaN
IBEA,HUXCrossover,BitFlipMutation,RunNum=7,NaN
IBEA,HUXCrossover,BitFlipMutation,RunNum=8,NaN
IBEA,HUXCrossover,BitFlipMutation,RunNum=9,NaN
IBEA,HUXCrossover,BitFlipMutation,RunNum=10,NaN
NSGA2,GroupPointCrossover,DynamicBitFlipMutation,RunNum=1,NaN
NSGA2,GroupPointCrossover,DynamicBitFlipMutation,RunNum=2,NaN
NSGA2,GroupPointCrossover,DynamicBitFlipMutation,RunNum=3,NaN
NSGA2,GroupPointCrossover,DynamicBitFlipMutation,RunNum=4,NaN
NSGA2,GroupPointCrossover,DynamicBitFlipMutation,RunNum=5,NaN
NSGA2,GroupPointCrossover,DynamicBitFlipMutation,RunNum=6,NaN
NSGA2,GroupPointCrossover,DynamicBitFlipMutation,RunNum=7,NaN
NSGA2,GroupPointCrossover,DynamicBitFlipMutation,RunNum=8,NaN
NSGA2,GroupPointCrossover,DynamicBitFlipMutation,RunNum=9,NaN
NSGA2,GroupPointCrossover,DynamicBitFlipMutation,RunNum=10,NaN
NSGA2,GroupPointCrossover,InterchangingMutation,RunNum=1,NaN
NSGA2,GroupPointCrossover,InterchangingMutation,RunNum=2,NaN
NSGA2,GroupPointCrossover,InterchangingMutation,RunNum=3,NaN
NSGA2,GroupPointCrossover,InterchangingMutation,RunNum=4,NaN
NSGA2,GroupPointCrossover,InterchangingMutation,RunNum=5,NaN
NSGA2,GroupPointCrossover,InterchangingMutation,RunNum=6,NaN
NSGA2,GroupPointCrossover,InterchangingMutation,RunNum=7,NaN
NSGA2,GroupPointCrossover,InterchangingMutation,RunNum=8,NaN
NSGA2,GroupPointCrossover,InterchangingMutation,RunNum=9,NaN
NSGA2,GroupPointCrossover,InterchangingMutation,RunNum=10,NaN
NSGA2,GroupPointCrossover,OneBitFlipMutation,RunNum=1,NaN
NSGA2,GroupPointCrossover,OneBitFlipMutation,RunNum=2,NaN
NSGA2,GroupPointCrossover,OneBitFlipMutation,RunNum=3,NaN
NSGA2,GroupPointCrossover,OneBitFlipMutation,RunNum=4,NaN
NSGA2,GroupPointCrossover,OneBitFlipMutation,RunNum=5,NaN
NSGA2,GroupPointCrossover,OneBitFlipMutation,RunNum=6,NaN
NSGA2,GroupPointCrossover,OneBitFlipMutation,RunNum=7,NaN
NSGA2,GroupPointCrossover,OneBitFlipMutation,RunNum=8,NaN
NSGA2,GroupPointCrossover,OneBitFlipMutation,RunNum=9,NaN
NSGA2,GroupPointCrossover,OneBitFlipMutation,RunNum=10,NaN
NSGA2,GroupPointCrossover,GreedyMutation,RunNum=1,NaN
NSGA2,GroupPointCrossover,GreedyMutation,RunNum=2,NaN
NSGA2,GroupPointCrossover,GreedyMutation,RunNum=3,NaN
NSGA2,GroupPointCrossover,GreedyMutation,RunNum=4,NaN
NSGA2,GroupPointCrossover,GreedyMutation,RunNum=5,NaN
NSGA2,GroupPointCrossover,GreedyMutation,RunNum=6,NaN
NSGA2,GroupPointCrossover,GreedyMutation,RunNum=7,NaN
NSGA2,GroupPointCrossover,GreedyMutation,RunNum=8,NaN
NSGA2,GroupPointCrossover,GreedyMutation,RunNum=9,NaN
NSGA2,GroupPointCrossover,GreedyMutation,RunNum=10,NaN
NSGA2,GroupPointCrossover,ReversingMutation,RunNum=1,NaN
NSGA2,GroupPointCrossover,ReversingMutation,RunNum=2,NaN
NSGA2,GroupPointCrossover,ReversingMutation,RunNum=3,NaN
NSGA2,GroupPointCrossover,ReversingMutation,RunNum=4,NaN
NSGA2,GroupPointCrossover,ReversingMutation,RunNum=5,NaN
NSGA2,GroupPointCrossover,ReversingMutation,RunNum=6,NaN
NSGA2,GroupPointCrossover,ReversingMutation,RunNum=7,NaN
NSGA2,GroupPointCrossover,ReversingMutation,RunNum=8,NaN
NSGA2,GroupPointCrossover,ReversingMutation,RunNum=9,NaN
NSGA2,GroupPointCrossover,ReversingMutation,RunNum=10,NaN
NSGA2,GroupPointCrossover,BitFlipMutation,RunNum=1,NaN
NSGA2,GroupPointCrossover,BitFlipMutation,RunNum=2,NaN
NSGA2,GroupPointCrossover,BitFlipMutation,RunNum=3,NaN
NSGA2,GroupPointCrossover,BitFlipMutation,RunNum=4,NaN
NSGA2,GroupPointCrossover,BitFlipMutation,RunNum=5,NaN
NSGA2,GroupPointCrossover,BitFlipMutation,RunNum=6,NaN
NSGA2,GroupPointCrossover,BitFlipMutation,RunNum=7,NaN
NSGA2,GroupPointCrossover,BitFlipMutation,RunNum=8,NaN
NSGA2,GroupPointCrossover,BitFlipMutation,RunNum=9,NaN
NSGA2,GroupPointCrossover,BitFlipMutation,RunNum=10,NaN
NSGA2,SinglePointCrossover,DynamicBitFlipMutation,RunNum=1,NaN
NSGA2,SinglePointCrossover,DynamicBitFlipMutation,RunNum=2,NaN
NSGA2,SinglePointCrossover,DynamicBitFlipMutation,RunNum=3,NaN
NSGA2,SinglePointCrossover,DynamicBitFlipMutation,RunNum=4,NaN
NSGA2,SinglePointCrossover,DynamicBitFlipMutation,RunNum=5,NaN
NSGA2,SinglePointCrossover,DynamicBitFlipMutation,RunNum=6,NaN
NSGA2,SinglePointCrossover,DynamicBitFlipMutation,RunNum=7,NaN
NSGA2,SinglePointCrossover,DynamicBitFlipMutation,RunNum=8,NaN
NSGA2,SinglePointCrossover,DynamicBitFlipMutation,RunNum=9,NaN
NSGA2,SinglePointCrossover,DynamicBitFlipMutation,RunNum=10,NaN
NSGA2,SinglePointCrossover,InterchangingMutation,RunNum=1,NaN
NSGA2,SinglePointCrossover,InterchangingMutation,RunNum=2,NaN
NSGA2,SinglePointCrossover,InterchangingMutation,RunNum=3,NaN
NSGA2,SinglePointCrossover,InterchangingMutation,RunNum=4,NaN
NSGA2,SinglePointCrossover,InterchangingMutation,RunNum=5,NaN
NSGA2,SinglePointCrossover,InterchangingMutation,RunNum=6,NaN
NSGA2,SinglePointCrossover,InterchangingMutation,RunNum=7,NaN
NSGA2,SinglePointCrossover,InterchangingMutation,RunNum=8,NaN
NSGA2,SinglePointCrossover,InterchangingMutation,RunNum=9,NaN
NSGA2,SinglePointCrossover,InterchangingMutation,RunNum=10,NaN
NSGA2,SinglePointCrossover,OneBitFlipMutation,RunNum=1,NaN
NSGA2,SinglePointCrossover,OneBitFlipMutation,RunNum=2,NaN
NSGA2,SinglePointCrossover,OneBitFlipMutation,RunNum=3,NaN
NSGA2,SinglePointCrossover,OneBitFlipMutation,RunNum=4,NaN
NSGA2,SinglePointCrossover,OneBitFlipMutation,RunNum=5,NaN
NSGA2,SinglePointCrossover,OneBitFlipMutation,RunNum=6,NaN
NSGA2,SinglePointCrossover,OneBitFlipMutation,RunNum=7,NaN
NSGA2,SinglePointCrossover,OneBitFlipMutation,RunNum=8,NaN
NSGA2,SinglePointCrossover,OneBitFlipMutation,RunNum=9,NaN
NSGA2,SinglePointCrossover,OneBitFlipMutation,RunNum=10,NaN
NSGA2,SinglePointCrossover,GreedyMutation,RunNum=1,NaN
NSGA2,SinglePointCrossover,GreedyMutation,RunNum=2,NaN
NSGA2,SinglePointCrossover,GreedyMutation,RunNum=3,NaN
NSGA2,SinglePointCrossover,GreedyMutation,RunNum=4,NaN
NSGA2,SinglePointCrossover,GreedyMutation,RunNum=5,NaN
NSGA2,SinglePointCrossover,GreedyMutation,RunNum=6,NaN
NSGA2,SinglePointCrossover,GreedyMutation,RunNum=7,NaN
NSGA2,SinglePointCrossover,GreedyMutation,RunNum=8,NaN
NSGA2,SinglePointCrossover,GreedyMutation,RunNum=9,NaN
NSGA2,SinglePointCrossover,GreedyMutation,RunNum=10,NaN
NSGA2,SinglePointCrossover,ReversingMutation,RunNum=1,NaN
